id,title,kind,category,platform,sourceUrl,sourceFile,author,tags,summary,materialUrls,searchQueries,applicableScene,applicableSubject,replicability,shootingRisk,coreFocus,priceTier,worth,whyWorth,licenseClass,shotSizeNormalized,cameraMovement,compositionNormalized,workflowStage,seoTitle,seoKeywords,usageNote,status,priority
"pexels","Pexels","external_library","免费商用图片/视频","Pexels","https://www.pexels.com/search/{query}/","","","免费商用；图片；视频；人像；场景参考","适合补充人像、场景、姿势视觉参考；可用 Pexels API 自动拉图。","https://www.pexels.com/search/{query}/","Pexels 免费商用图片/视频 免费商用 图片 视频 人像 场景参考；Pexels 摄影参考；免费商用图片/视频 人像拍摄；免费商用 图片 视频 pose reference","通用人像场景","视频创作者","容易","需要运动镜头和剪辑配合","姿势引导","399-699","高","可直接转化为拍摄选题、姿势引导或成片风格参考。","public-domain","medium-shot","static","saliency-focus","shot-planning","Pexels - 免费商用图片/视频摄影参考","Pexels；免费商用图片/视频；免费商用；图片；视频；人像；场景参考；摄影参考；人像摄影；拍摄姿势；moodboard","适合补充人像、场景、姿势视觉参考；可用 Pexels API 自动拉图。","可连接","高"
"pixabay","Pixabay","external_library","免费商用图片/视频","Pixabay","https://pixabay.com/images/search/{query}/","","","免费商用；图片；视频；素材","适合找通用素材、视频空镜和商业安全素材。","https://pixabay.com/images/search/{query}/","Pixabay 免费商用图片/视频 免费商用 图片 视频 素材；Pixabay 摄影参考；免费商用图片/视频 人像拍摄；免费商用 图片 视频 pose reference","街道/室内/环境空镜","商业客户","中等","需要运动镜头和剪辑配合","综合参考","699+/商业单","高","可直接转化为拍摄选题、姿势引导或成片风格参考。","public-domain","extreme-wide-shot","static","saliency-focus","inspiration","Pixabay - 免费商用图片/视频摄影参考","Pixabay；免费商用图片/视频；免费商用；图片；视频；素材；摄影参考；人像摄影；拍摄姿势；moodboard","适合找通用素材、视频空镜和商业安全素材。","可连接","高"
"xiaohongshu","小红书","external_library","中文案例/拍摄过程","小红书","https://www.xiaohongshu.com/search_result?keyword={query}&source=web_search_result_notes","","","中文案例；拍摄过程；姿势；调色；爆款标题","适合看真实案例、拍摄过程、中文标题和用户偏好；只保存链接和摘要。","https://www.xiaohongshu.com/search_result?keyword={query}&source=web_search_result_notes","小红书 中文案例/拍摄过程 中文案例 拍摄过程 姿势 调色 爆款标题；小红书 摄影参考；中文案例/拍摄过程 人像拍摄；中文案例 拍摄过程 姿势 pose reference","通用人像场景","单人女生/普通客片","容易","常规沟通和审美匹配风险","姿势引导；色彩后期；发布表达","199-399","高","可直接转化为拍摄选题、姿势引导或成片风格参考。","platform-link-only","medium-shot","static","saliency-focus","publishing","小红书 - 中文案例/拍摄过程摄影参考","小红书；中文案例/拍摄过程；中文案例；拍摄过程；姿势；调色；爆款标题；摄影参考；人像摄影；拍摄姿势；moodboard","适合看真实案例、拍摄过程、中文标题和用户偏好；只保存链接和摘要。","可连接","高"
"huaban","花瓣网","external_library","灵感板/视觉风格","花瓣","https://huaban.com/search?q={query}","","","灵感板；风格参考；构图；配色","适合做 moodboard 和视觉方向，不作为版权素材直接使用。","https://huaban.com/search?q={query}","花瓣网 灵感板/视觉风格 灵感板 风格参考 构图 配色；花瓣网 摄影参考；灵感板/视觉风格 人像拍摄；灵感板 风格参考 构图 pose reference","通用人像场景","单人女生/普通客片","中等","常规沟通和审美匹配风险","构图镜头","99-399","高","可直接转化为拍摄选题、姿势引导或成片风格参考。","platform-link-only","medium-shot","static","saliency-focus","shot-planning","花瓣网 - 灵感板/视觉风格摄影参考","花瓣网；灵感板/视觉风格；灵感板；风格参考；构图；配色；摄影参考；人像摄影；拍摄姿势；moodboard","适合做 moodboard 和视觉方向，不作为版权素材直接使用。","可连接","高"
"zcool","站酷","external_library","国内作品案例","站酷","https://www.zcool.com.cn/search/content?word={query}","","","作品集；商业摄影；国内审美；案例","适合看成片表达、排版和商业项目包装。","https://www.zcool.com.cn/search/content?word={query}","站酷 国内作品案例 作品集 商业摄影 国内审美 案例；站酷 摄影参考；国内作品案例 人像拍摄；作品集 商业摄影 国内审美 pose reference","通用人像场景","商业客户","中等","常规沟通和审美匹配风险","姿势引导","699+/商业单","中","适合作为检索补充或局部灵感。","platform-link-only","long-shot","static","saliency-focus","inspiration","站酷 - 国内作品案例摄影参考","站酷；国内作品案例；作品集；商业摄影；国内审美；案例；摄影参考；人像摄影；拍摄姿势；moodboard","适合看成片表达、排版和商业项目包装。","可连接","高"
"behance","Behance","external_library","海外商业作品","Behance","https://www.behance.net/search/projects?field=photography&search={query}","","","商业摄影；作品集；海外审美；品牌","适合找高质量项目结构、系列叙事和商业展示方式。","https://www.behance.net/search/projects?field=photography&search={query}","Behance 海外商业作品 商业摄影 作品集 海外审美 品牌；Behance 摄影参考；海外商业作品 人像拍摄；商业摄影 作品集 海外审美 pose reference","通用人像场景","商业客户","中等","常规沟通和审美匹配风险","综合参考","699+/商业单","中","适合作为检索补充或局部灵感。","platform-link-only","medium-shot","static","saliency-focus","inspiration","Behance - 海外商业作品摄影参考","Behance；海外商业作品；商业摄影；作品集；海外审美；品牌；摄影参考；人像摄影；拍摄姿势；moodboard","适合找高质量项目结构、系列叙事和商业展示方式。","可连接","高"
"flickr-cc","Flickr Creative Commons","external_library","授权可筛选图片","Flickr","https://www.flickr.com/search/?text={query}&license=2%2C3%2C4%2C5%2C6%2C9","","","Creative Commons；授权筛选；纪实；资料图","适合需要明确授权来源的参考图，使用前仍需核对具体 license。","https://www.flickr.com/search/?text={query}&license=2%2C3%2C4%2C5%2C6%2C9","Flickr Creative Commons 授权可筛选图片 Creative Commons 授权筛选 纪实 资料图；Flickr Creative Commons 摄影参考；授权可筛选图片 人像拍摄；Creative Commons 授权筛选 纪实 pose reference","通用人像场景","单人女生/普通客片","中等","常规沟通和审美匹配风险","综合参考","99-399","中","适合作为检索补充或局部灵感。","attribution-required","medium-shot","static","saliency-focus","inspiration","Flickr Creative Commons - 授权可筛选图片摄影参考","Flickr Creative Commons；授权可筛选图片；Creative Commons；授权筛选；纪实；资料图；摄影参考；人像摄影；拍摄姿势；moodboard","适合需要明确授权来源的参考图，使用前仍需核对具体 license。","可连接","高"
"wikimedia","Wikimedia Commons","external_library","公共资料/历史图像","Wikimedia","https://commons.wikimedia.org/w/index.php?search={query}&title=Special:MediaSearch","","","公共资料；历史；服饰；道具；建筑","适合查历史服饰、建筑、道具和公开资料图。","https://commons.wikimedia.org/w/index.php?search={query}&title=Special:MediaSearch","Wikimedia Commons 公共资料/历史图像 公共资料 历史 服饰 道具 建筑；Wikimedia Commons 摄影参考；公共资料/历史图像 人像拍摄；公共资料 历史 服饰 pose reference","通用人像场景","单人女生/普通客片","中等","常规沟通和审美匹配风险","综合参考","99-399","中","适合作为检索补充或局部灵感。","public-domain","medium-shot","static","saliency-focus","inspiration","Wikimedia Commons - 公共资料/历史图像摄影参考","Wikimedia Commons；公共资料/历史图像；公共资料；历史；服饰；道具；建筑；摄影参考；人像摄影；拍摄姿势；moodboard","适合查历史服饰、建筑、道具和公开资料图。","可连接","高"
"doc-摄影姿势库-00-姿势库总览-md","摄影姿势库总览","obsidian_note","国风/汉服","Obsidian","","摄影姿势库/00_姿势库总览.md","","姿势库；索引；拍照参考；汉服","摄影姿势库总览 所有姿势均包含：动作要点、推荐参数、示例图 按主题分类 汉服 园林汉服 — 户外园林场景 室内汉服 — 影棚/室内古风场景 婚纱 待整理 情侣 待整理 通用姿势 站立姿势 坐姿 侧身姿势 回眸姿势 按难度分类 难度 姿势数 说明 ⭐ 入门 简单易学，适合新手 ⭐⭐ 进阶 4 需要一定肢体控制 ⭐⭐⭐ 高级 适合有经验的模特/摄影师 精选图库 ","","摄影姿势库总览 国风/汉服 姿势库 索引 拍照参考 汉服；摄影姿势库总览 摄影参考；国风/汉服 人像拍摄；姿势库 索引 拍照参考 pose reference","园林/古风室内","情侣","中等","妆造/服装/道具影响很大","姿势引导","699+/商业单","高","可直接转化为拍摄选题、姿势引导或成片风格参考。","local-private-reference","medium-shot","static","saliency-focus","shot-planning","摄影姿势库总览 - 国风/汉服摄影参考","摄影姿势库总览；国风/汉服；姿势库；索引；拍照参考；汉服；摄影参考；人像摄影；拍摄姿势；moodboard","从 Obsidian 笔记抽取，可作为拍摄方案和参考检索的源材料。","本地可用","高"
"00-姿势库总览-条目-1-1","条目 1","obsidian_table_row","姿势/引导","Obsidian","","摄影姿势库/00_姿势库总览.md","","姿势库；索引；拍照参考","简单易学，适合新手","","条目 1 姿势/引导 姿势库 索引 拍照参考；条目 1 摄影参考；姿势/引导 人像拍摄；姿势库 索引 拍照参考 pose reference","通用人像场景","单人女生/普通客片","容易","常规沟通和审美匹配风险","姿势引导","199-399","中","适合作为检索补充或局部灵感。","local-private-reference","medium-shot","static","saliency-focus","shot-planning","条目 1 - 姿势/引导摄影参考","条目 1；姿势/引导；姿势库；索引；拍照参考；摄影参考；人像摄影；拍摄姿势；moodboard","从 Obsidian 表格抽取；建议复核原链接后补充作品截图、视频链接和授权备注。","待复核","中"
"00-姿势库总览-条目-2-2","条目 2","obsidian_table_row","姿势/引导","Obsidian","","摄影姿势库/00_姿势库总览.md","","姿势库；索引；拍照参考","需要一定肢体控制","","条目 2 姿势/引导 姿势库 索引 拍照参考；条目 2 摄影参考；姿势/引导 人像拍摄；姿势库 索引 拍照参考 pose reference","通用人像场景","单人女生/普通客片","容易","常规沟通和审美匹配风险","姿势引导","199-399","中","适合作为检索补充或局部灵感。","local-private-reference","medium-shot","static","saliency-focus","shot-planning","条目 2 - 姿势/引导摄影参考","条目 2；姿势/引导；姿势库；索引；拍照参考；摄影参考；人像摄影；拍摄姿势；moodboard","从 Obsidian 表格抽取；建议复核原链接后补充作品截图、视频链接和授权备注。","待复核","中"
"00-姿势库总览-条目-3-3","条目 3","obsidian_table_row","姿势/引导","Obsidian","","摄影姿势库/00_姿势库总览.md","","姿势库；索引；拍照参考","适合有经验的模特/摄影师","","条目 3 姿势/引导 姿势库 索引 拍照参考；条目 3 摄影参考；姿势/引导 人像拍摄；姿势库 索引 拍照参考 pose reference","通用人像场景","单人女生/普通客片","容易","常规沟通和审美匹配风险","姿势引导","199-399","中","适合作为检索补充或局部灵感。","local-private-reference","medium-shot","static","saliency-focus","shot-planning","条目 3 - 姿势/引导摄影参考","条目 3；姿势/引导；姿势库；索引；拍照参考；摄影参考；人像摄影；拍摄姿势；moodboard","从 Obsidian 表格抽取；建议复核原链接后补充作品截图、视频链接和授权备注。","待复核","中"
"doc-摄影姿势库-00-小红书收藏-拍摄专辑-md","小红书收藏 - 拍摄专辑","obsidian_note","视频拍摄","小红书/Obsidian","https://www.xiaohongshu.com/board/69f468d9000000003302dc4c","摄影姿势库/00_小红书收藏_拍摄专辑.md","","收藏；拍摄；小红书；摄影参考；生命力；海边；毕业照；新中式；花海；汉服；旗袍；构图","小红书收藏 拍摄专辑 来源：RoKing📷 的小红书收藏夹 拍摄专辑 共 69 个收藏，按类型分类整理 📸 拍照姿势类 标题 类型标签 存一些生命力溢出屏幕的拍照姿势 🏔️ 生命力 学到了！海边拍照氛围感万能出片技巧 海边/氛围 🍃青春胶片感单人毕业照🎓i人拍照姿势合集 毕业照 新中式拍照姿势大全 新中式 存一组五一出行氛围感拍照姿势📸 出行 存","https://www.xiaohongshu.com/board/69f468d9000000003302dc4c","小红书收藏 - 拍摄专辑 视频拍摄 收藏 拍摄 小红书 摄影参考 生命力 海边 毕业照 新中式 花海 汉服 旗袍 构图；小红书收藏 - 拍摄专辑 摄影参考；视频拍摄 人像拍摄；收藏 拍摄 小红书 pose reference","海边/沙滩","毕业生/学生","中等","天气和光线不稳定；需要控光或合适时段；妆造/服装/道具影响很大；需要运动镜头和剪辑配合；需要场地许可或低打扰拍摄","姿势引导；构图镜头；色彩后期；光线氛围；发布表达","699+/商业单","高","可直接转化为拍摄选题、姿势引导或成片风格参考。","platform-link-only","close-up","travelling-in","saliency-focus","review","小红书收藏 - 拍摄专辑 - 视频拍摄摄影参考","小红书收藏 - 拍摄专辑；视频拍摄；收藏；拍摄；小红书；摄影参考；生命力；海边；毕业照；新中式；花海；汉服","从 Obsidian 笔记抽取，可作为拍摄方案和参考检索的源材料。","待复核链接","中"
"00-小红书收藏-拍摄专辑-存一些生命力溢出屏幕的拍照姿势-1","存一些生命力溢出屏幕的拍照姿势 🏔️","obsidian_table_row","姿势/引导","小红书/Obsidian","https://www.xiaohongshu.com/board/69f468d9000000003302dc4c","摄影姿势库/00_小红书收藏_拍摄专辑.md","","收藏；拍摄；小红书；摄影参考；生命力","生命力","https://www.xiaohongshu.com/board/69f468d9000000003302dc4c","存一些生命力溢出屏幕的拍照姿势 🏔️ 姿势/引导 收藏 拍摄 小红书 摄影参考 生命力；存一些生命力溢出屏幕的拍照姿势 🏔️ 摄影参考；姿势/引导 人像拍摄；收藏 拍摄 小红书 pose reference","通用人像场景","单人女生/普通客片","容易","常规沟通和审美匹配风险","姿势引导；发布表达","199-399","高","可直接转化为拍摄选题、姿势引导或成片风格参考。","platform-link-only","medium-shot","static","saliency-focus","shot-planning","存一些生命力溢出屏幕的拍照姿势 🏔️ - 姿势/引导摄影参考","存一些生命力溢出屏幕的拍照姿势 🏔️；姿势/引导；收藏；拍摄；小红书；摄影参考；生命力；人像摄影；拍摄姿势；moodboard","从 Obsidian 表格抽取；建议复核原链接后补充作品截图、视频链接和授权备注。","待复核","高"
"00-小红书收藏-拍摄专辑-学到了-海边拍照氛围感万能出片技巧-2","学到了！海边拍照氛围感万能出片技巧","obsidian_table_row","构图/技巧","小红书/Obsidian","https://www.xiaohongshu.com/board/69f468d9000000003302dc4c","摄影姿势库/00_小红书收藏_拍摄专辑.md","","收藏；拍摄；小红书；摄影参考；海边","海边/氛围","https://www.xiaohongshu.com/board/69f468d9000000003302dc4c","学到了！海边拍照氛围感万能出片技巧 构图/技巧 收藏 拍摄 小红书 摄影参考 海边；学到了！海边拍照氛围感万能出片技巧 摄影参考；构图/技巧 人像拍摄；收藏 拍摄 小红书 pose reference","海边/沙滩","单人女生/普通客片","中等","天气和光线不稳定","构图镜头；发布表达","99-399","高","可直接转化为拍摄选题、姿势引导或成片风格参考。","platform-link-only","medium-shot","static","saliency-focus","shot-planning","学到了！海边拍照氛围感万能出片技巧 - 构图/技巧摄影参考","学到了！海边拍照氛围感万能出片技巧；构图/技巧；收藏；拍摄；小红书；摄影参考；海边；人像摄影；拍摄姿势；moodboard","从 Obsidian 表格抽取；建议复核原链接后补充作品截图、视频链接和授权备注。","待复核","中"
"00-小红书收藏-拍摄专辑-青春胶片感单人毕业照-i人拍照姿势合集-3","🍃青春胶片感单人毕业照🎓i人拍照姿势合集","obsidian_table_row","姿势/引导","小红书/Obsidian","https://www.xiaohongshu.com/board/69f468d9000000003302dc4c","摄影姿势库/00_小红书收藏_拍摄专辑.md","","收藏；拍摄；小红书；摄影参考；毕业照；胶片","毕业照","https://www.xiaohongshu.com/board/69f468d9000000003302dc4c","🍃青春胶片感单人毕业照🎓i人拍照姿势合集 姿势/引导 收藏 拍摄 小红书 摄影参考 毕业照 胶片；🍃青春胶片感单人毕业照🎓i人拍照姿势合集 摄影参考；姿势/引导 人像拍摄；收藏 拍摄 小红书 pose reference","校园/毕业季","毕业生/学生","容易","常规沟通和审美匹配风险","姿势引导；色彩后期；发布表达","399-699","高","可直接转化为拍摄选题、姿势引导或成片风格参考。","platform-link-only","medium-shot","static","saliency-focus","shot-planning","🍃青春胶片感单人毕业照🎓i人拍照姿势合集 - 姿势/引导摄影参考","🍃青春胶片感单人毕业照🎓i人拍照姿势合集；姿势/引导；收藏；拍摄；小红书；摄影参考；毕业照；胶片；人像摄影；拍摄姿势；moodboard","从 Obsidian 表格抽取；建议复核原链接后补充作品截图、视频链接和授权备注。","待复核","中"
"00-小红书收藏-拍摄专辑-新中式拍照姿势大全-4","新中式拍照姿势大全","obsidian_table_row","国风/汉服","小红书/Obsidian","https://www.xiaohongshu.com/board/69f468d9000000003302dc4c","摄影姿势库/00_小红书收藏_拍摄专辑.md","","收藏；拍摄；小红书；摄影参考；新中式","新中式","https://www.xiaohongshu.com/board/69f468d9000000003302dc4c","新中式拍照姿势大全 国风/汉服 收藏 拍摄 小红书 摄影参考 新中式；新中式拍照姿势大全 摄影参考；国风/汉服 人像拍摄；收藏 拍摄 小红书 pose reference","园林/古风室内","汉服模特","中等","妆造/服装/道具影响很大","姿势引导；发布表达","399-699","高","可直接转化为拍摄选题、姿势引导或成片风格参考。","platform-link-only","medium-shot","static","saliency-focus","shot-planning","新中式拍照姿势大全 - 国风/汉服摄影参考","新中式拍照姿势大全；国风/汉服；收藏；拍摄；小红书；摄影参考；新中式；人像摄影；拍摄姿势；moodboard","从 Obsidian 表格抽取；建议复核原链接后补充作品截图、视频链接和授权备注。","待复核","中"
"00-小红书收藏-拍摄专辑-存一组五一出行氛围感拍照姿势-5","存一组五一出行氛围感拍照姿势📸","obsidian_table_row","姿势/引导","小红书/Obsidian","https://www.xiaohongshu.com/board/69f468d9000000003302dc4c","摄影姿势库/00_小红书收藏_拍摄专辑.md","","收藏；拍摄；小红书；摄影参考","出行","https://www.xiaohongshu.com/board/69f468d9000000003302dc4c","存一组五一出行氛围感拍照姿势📸 姿势/引导 收藏 拍摄 小红书 摄影参考；存一组五一出行氛围感拍照姿势📸 摄影参考；姿势/引导 人像拍摄；收藏 拍摄 小红书 pose reference","通用人像场景","单人女生/普通客片","容易","常规沟通和审美匹配风险","姿势引导；发布表达","199-399","中","适合作为检索补充或局部灵感。","platform-link-only","medium-shot","static","saliency-focus","shot-planning","存一组五一出行氛围感拍照姿势📸 - 姿势/引导摄影参考","存一组五一出行氛围感拍照姿势📸；姿势/引导；收藏；拍摄；小红书；摄影参考；人像摄影；拍摄姿势；moodboard","从 Obsidian 表格抽取；建议复核原链接后补充作品截图、视频链接和授权备注。","待复核","中"
"00-小红书收藏-拍摄专辑-存一些浪漫生命力拍照姿势-明媚而自由-6","存一些浪漫生命力拍照姿势！明媚而自由","obsidian_table_row","姿势/引导","小红书/Obsidian","https://www.xiaohongshu.com/board/69f468d9000000003302dc4c","摄影姿势库/00_小红书收藏_拍摄专辑.md","","收藏；拍摄；小红书；摄影参考；生命力","生命力","https://www.xiaohongshu.com/board/69f468d9000000003302dc4c","存一些浪漫生命力拍照姿势！明媚而自由 姿势/引导 收藏 拍摄 小红书 摄影参考 生命力；存一些浪漫生命力拍照姿势！明媚而自由 摄影参考；姿势/引导 人像拍摄；收藏 拍摄 小红书 pose reference","通用人像场景","单人女生/普通客片","容易","常规沟通和审美匹配风险","姿势引导；发布表达","199-399","高","可直接转化为拍摄选题、姿势引导或成片风格参考。","platform-link-only","medium-shot","static","saliency-focus","shot-planning","存一些浪漫生命力拍照姿势！明媚而自由 - 姿势/引导摄影参考","存一些浪漫生命力拍照姿势！明媚而自由；姿势/引导；收藏；拍摄；小红书；摄影参考；生命力；人像摄影；拍摄姿势；moodboard","从 Obsidian 表格抽取；建议复核原链接后补充作品截图、视频链接和授权备注。","待复核","高"
"00-小红书收藏-拍摄专辑-存一些适合春夏的捧花拍照姿势-7","存一些适合春夏的捧花拍照姿势","obsidian_table_row","姿势/引导","小红书/Obsidian","https://www.xiaohongshu.com/board/69f468d9000000003302dc4c","摄影姿势库/00_小红书收藏_拍摄专辑.md","","收藏；拍摄；小红书；摄影参考","捧花","https://www.xiaohongshu.com/board/69f468d9000000003302dc4c","存一些适合春夏的捧花拍照姿势 姿势/引导 收藏 拍摄 小红书 摄影参考；存一些适合春夏的捧花拍照姿势 摄影参考；姿势/引导 人像拍摄；收藏 拍摄 小红书 pose reference","通用人像场景","单人女生/普通客片","容易","常规沟通和审美匹配风险","姿势引导；发布表达","199-399","中","适合作为检索补充或局部灵感。","platform-link-only","medium-shot","static","saliency-focus","shot-planning","存一些适合春夏的捧花拍照姿势 - 姿势/引导摄影参考","存一些适合春夏的捧花拍照姿势；姿势/引导；收藏；拍摄；小红书；摄影参考；人像摄影；拍摄姿势；moodboard","从 Obsidian 表格抽取；建议复核原链接后补充作品截图、视频链接和授权备注。","待复核","中"
"00-小红书收藏-拍摄专辑-超全的花海拍照姿势-自存-8","超全的花海拍照姿势（自存）","obsidian_table_row","姿势/引导","小红书/Obsidian","https://www.xiaohongshu.com/board/69f468d9000000003302dc4c","摄影姿势库/00_小红书收藏_拍摄专辑.md","","收藏；拍摄；小红书；摄影参考；花海","花海","https://www.xiaohongshu.com/board/69f468d9000000003302dc4c","超全的花海拍照姿势（自存） 姿势/引导 收藏 拍摄 小红书 摄影参考 花海；超全的花海拍照姿势（自存） 摄影参考；姿势/引导 人像拍摄；收藏 拍摄 小红书 pose reference","花海/春夏外景","单人女生/普通客片","容易","天气和光线不稳定","姿势引导；发布表达","199-399","中","适合作为检索补充或局部灵感。","platform-link-only","medium-shot","static","saliency-focus","shot-planning","超全的花海拍照姿势（自存） - 姿势/引导摄影参考","超全的花海拍照姿势（自存）；姿势/引导；收藏；拍摄；小红书；摄影参考；花海；人像摄影；拍摄姿势；moodboard","从 Obsidian 表格抽取；建议复核原链接后补充作品截图、视频链接和授权备注。","待复核","中"
"00-小红书收藏-拍摄专辑-存一组毕业拍照姿势-谁拍谁好看-9","存一组毕业拍照姿势/谁拍谁好看","obsidian_table_row","姿势/引导","小红书/Obsidian","https://www.xiaohongshu.com/board/69f468d9000000003302dc4c","摄影姿势库/00_小红书收藏_拍摄专辑.md","","收藏；拍摄；小红书；摄影参考；毕业照","毕业照","https://www.xiaohongshu.com/board/69f468d9000000003302dc4c","存一组毕业拍照姿势/谁拍谁好看 姿势/引导 收藏 拍摄 小红书 摄影参考 毕业照；存一组毕业拍照姿势/谁拍谁好看 摄影参考；姿势/引导 人像拍摄；收藏 拍摄 小红书 pose reference","校园/毕业季","毕业生/学生","容易","常规沟通和审美匹配风险","姿势引导；发布表达","399-699","高","可直接转化为拍摄选题、姿势引导或成片风格参考。","platform-link-only","medium-shot","static","saliency-focus","shot-planning","存一组毕业拍照姿势/谁拍谁好看 - 姿势/引导摄影参考","存一组毕业拍照姿势/谁拍谁好看；姿势/引导；收藏；拍摄；小红书；摄影参考；毕业照；人像摄影；拍摄姿势；moodboard","从 Obsidian 表格抽取；建议复核原链接后补充作品截图、视频链接和授权备注。","待复核","中"
"00-小红书收藏-拍摄专辑-毕业照这样拍太好看了吧-10","毕业照这样拍太好看了吧！","obsidian_table_row","综合参考","小红书/Obsidian","https://www.xiaohongshu.com/board/69f468d9000000003302dc4c","摄影姿势库/00_小红书收藏_拍摄专辑.md","","收藏；拍摄；小红书；摄影参考；毕业照","毕业照","https://www.xiaohongshu.com/board/69f468d9000000003302dc4c","毕业照这样拍太好看了吧！ 综合参考 收藏 拍摄 小红书 摄影参考 毕业照；毕业照这样拍太好看了吧！ 摄影参考；综合参考 人像拍摄；收藏 拍摄 小红书 pose reference","校园/毕业季","毕业生/学生","中等","常规沟通和审美匹配风险","发布表达","399-699","高","可直接转化为拍摄选题、姿势引导或成片风格参考。","platform-link-only","medium-shot","static","saliency-focus","inspiration","毕业照这样拍太好看了吧！ - 综合参考摄影参考","毕业照这样拍太好看了吧！；综合参考；收藏；拍摄；小红书；摄影参考；毕业照；人像摄影；拍摄姿势；moodboard","从 Obsidian 表格抽取；建议复核原链接后补充作品截图、视频链接和授权备注。","待复核","中"
"00-小红书收藏-拍摄专辑-存一些梧桐树拍照姿势-11","存一些梧桐树拍照姿势📸","obsidian_table_row","姿势/引导","小红书/Obsidian","https://www.xiaohongshu.com/board/69f468d9000000003302dc4c","摄影姿势库/00_小红书收藏_拍摄专辑.md","","收藏；拍摄；小红书；摄影参考","树木","https://www.xiaohongshu.com/board/69f468d9000000003302dc4c","存一些梧桐树拍照姿势📸 姿势/引导 收藏 拍摄 小红书 摄影参考；存一些梧桐树拍照姿势📸 摄影参考；姿势/引导 人像拍摄；收藏 拍摄 小红书 pose reference","通用人像场景","单人女生/普通客片","容易","常规沟通和审美匹配风险","姿势引导；发布表达","199-399","中","适合作为检索补充或局部灵感。","platform-link-only","medium-shot","static","saliency-focus","shot-planning","存一些梧桐树拍照姿势📸 - 姿势/引导摄影参考","存一些梧桐树拍照姿势📸；姿势/引导；收藏；拍摄；小红书；摄影参考；人像摄影；拍摄姿势；moodboard","从 Obsidian 表格抽取；建议复核原链接后补充作品截图、视频链接和授权备注。","待复核","中"
"00-小红书收藏-拍摄专辑-存一些拍花技巧-9个万能构图技巧-姿势-12","存一些拍花技巧📷 9个万能构图技巧➕姿势","obsidian_table_row","姿势/引导","小红书/Obsidian","https://www.xiaohongshu.com/board/69f468d9000000003302dc4c","摄影姿势库/00_小红书收藏_拍摄专辑.md","","收藏；拍摄；小红书；摄影参考；构图","花/构图","https://www.xiaohongshu.com/board/69f468d9000000003302dc4c","存一些拍花技巧📷 9个万能构图技巧➕姿势 姿势/引导 收藏 拍摄 小红书 摄影参考 构图；存一些拍花技巧📷 9个万能构图技巧➕姿势 摄影参考；姿势/引导 人像拍摄；收藏 拍摄 小红书 pose reference","通用人像场景","单人女生/普通客片","容易","常规沟通和审美匹配风险","姿势引导；构图镜头；发布表达","199-399","高","可直接转化为拍摄选题、姿势引导或成片风格参考。","platform-link-only","medium-shot","static","saliency-focus","shot-planning","存一些拍花技巧📷 9个万能构图技巧➕姿势 - 姿势/引导摄影参考","存一些拍花技巧📷 9个万能构图技巧➕姿势；姿势/引导；收藏；拍摄；小红书；摄影参考；构图；人像摄影；拍摄姿势；moodboard","从 Obsidian 表格抽取；建议复核原链接后补充作品截图、视频链接和授权备注。","待复核","高"
"00-小红书收藏-拍摄专辑-蔷薇花拍照姿势大合集-13","蔷薇花拍照姿势大合集","obsidian_table_row","姿势/引导","小红书/Obsidian","https://www.xiaohongshu.com/board/69f468d9000000003302dc4c","摄影姿势库/00_小红书收藏_拍摄专辑.md","","收藏；拍摄；小红书；摄影参考","花","https://www.xiaohongshu.com/board/69f468d9000000003302dc4c","蔷薇花拍照姿势大合集 姿势/引导 收藏 拍摄 小红书 摄影参考；蔷薇花拍照姿势大合集 摄影参考；姿势/引导 人像拍摄；收藏 拍摄 小红书 pose reference","通用人像场景","单人女生/普通客片","容易","常规沟通和审美匹配风险","姿势引导；发布表达","199-399","中","适合作为检索补充或局部灵感。","platform-link-only","medium-shot","static","saliency-focus","shot-planning","蔷薇花拍照姿势大合集 - 姿势/引导摄影参考","蔷薇花拍照姿势大合集；姿势/引导；收藏；拍摄；小红书；摄影参考；人像摄影；拍摄姿势；moodboard","从 Obsidian 表格抽取；建议复核原链接后补充作品截图、视频链接和授权备注。","待复核","中"
"00-小红书收藏-拍摄专辑-蔷薇花墙拍照太绝了-电影感写真这样拍-14","📸蔷薇花墙拍照太绝了！电影感写真这样拍🎞️","obsidian_table_row","视频拍摄","小红书/Obsidian","https://www.xiaohongshu.com/board/69f468d9000000003302dc4c","摄影姿势库/00_小红书收藏_拍摄专辑.md","","收藏；拍摄；小红书；摄影参考；电影感","花墙","https://www.xiaohongshu.com/board/69f468d9000000003302dc4c","📸蔷薇花墙拍照太绝了！电影感写真这样拍🎞️ 视频拍摄 收藏 拍摄 小红书 摄影参考 电影感；📸蔷薇花墙拍照太绝了！电影感写真这样拍🎞️ 摄影参考；视频拍摄 人像拍摄；收藏 拍摄 小红书 pose reference","通用人像场景","视频创作者","中等","需要控光或合适时段；需要运动镜头和剪辑配合","发布表达","399-699","高","可直接转化为拍摄选题、姿势引导或成片风格参考。","platform-link-only","medium-shot","static","saliency-focus","inspiration","📸蔷薇花墙拍照太绝了！电影感写真这样拍🎞️ - 视频拍摄摄影参考","📸蔷薇花墙拍照太绝了！电影感写真这样拍🎞️；视频拍摄；收藏；拍摄；小红书；摄影参考；电影感；人像摄影；拍摄姿势；moodboard","从 Obsidian 表格抽取；建议复核原链接后补充作品截图、视频链接和授权备注。","待复核","高"
"00-小红书收藏-拍摄专辑-来学-存6-个i人生命力拍照姿势-15","来学！存6️⃣个i人生命力拍照姿势","obsidian_table_row","姿势/引导","小红书/Obsidian","https://www.xiaohongshu.com/board/69f468d9000000003302dc4c","摄影姿势库/00_小红书收藏_拍摄专辑.md","","收藏；拍摄；小红书；摄影参考；生命力","生命力/i人","https://www.xiaohongshu.com/board/69f468d9000000003302dc4c","来学！存6️⃣个i人生命力拍照姿势 姿势/引导 收藏 拍摄 小红书 摄影参考 生命力；来学！存6️⃣个i人生命力拍照姿势 摄影参考；姿势/引导 人像拍摄；收藏 拍摄 小红书 pose reference","通用人像场景","单人女生/普通客片","容易","常规沟通和审美匹配风险","姿势引导；发布表达","199-399","高","可直接转化为拍摄选题、姿势引导或成片风格参考。","platform-link-only","medium-shot","static","saliency-focus","shot-planning","来学！存6️⃣个i人生命力拍照姿势 - 姿势/引导摄影参考","来学！存6️⃣个i人生命力拍照姿势；姿势/引导；收藏；拍摄；小红书；摄影参考；生命力；人像摄影；拍摄姿势；moodboard","从 Obsidian 表格抽取；建议复核原链接后补充作品截图、视频链接和授权备注。","待复核","高"
"00-小红书收藏-拍摄专辑-存一些青苹果拍照姿势-引导过程记录-16","🍏存一些青苹果拍照姿势👒引导过程记录","obsidian_table_row","姿势/引导","小红书/Obsidian","https://www.xiaohongshu.com/board/69f468d9000000003302dc4c","摄影姿势库/00_小红书收藏_拍摄专辑.md","","收藏；拍摄；小红书；摄影参考","引导","https://www.xiaohongshu.com/board/69f468d9000000003302dc4c","🍏存一些青苹果拍照姿势👒引导过程记录 姿势/引导 收藏 拍摄 小红书 摄影参考；🍏存一些青苹果拍照姿势👒引导过程记录 摄影参考；姿势/引导 人像拍摄；收藏 拍摄 小红书 pose reference","通用人像场景","单人女生/普通客片","容易","常规沟通和审美匹配风险","姿势引导；发布表达","199-399","中","适合作为检索补充或局部灵感。","platform-link-only","medium-shot","static","saliency-focus","shot-planning","🍏存一些青苹果拍照姿势👒引导过程记录 - 姿势/引导摄影参考","🍏存一些青苹果拍照姿势👒引导过程记录；姿势/引导；收藏；拍摄；小红书；摄影参考；人像摄影；拍摄姿势；moodboard","从 Obsidian 表格抽取；建议复核原链接后补充作品截图、视频链接和授权备注。","待复核","中"
"00-小红书收藏-拍摄专辑-8个咖啡店-下午茶拍照姿势-氛围感拉满-17","8个咖啡店☕下午茶拍照姿势，氛围感拉满！","obsidian_table_row","姿势/引导","小红书/Obsidian","https://www.xiaohongshu.com/board/69f468d9000000003302dc4c","摄影姿势库/00_小红书收藏_拍摄专辑.md","","收藏；拍摄；小红书；摄影参考","室内/氛围","https://www.xiaohongshu.com/board/69f468d9000000003302dc4c","8个咖啡店☕下午茶拍照姿势，氛围感拉满！ 姿势/引导 收藏 拍摄 小红书 摄影参考；8个咖啡店☕下午茶拍照姿势，氛围感拉满！ 摄影参考；姿势/引导 人像拍摄；收藏 拍摄 小红书 pose reference","通用人像场景","单人女生/普通客片","容易","常规沟通和审美匹配风险","姿势引导；发布表达","199-399","中","适合作为检索补充或局部灵感。","platform-link-only","medium-shot","static","saliency-focus","shot-planning","8个咖啡店☕下午茶拍照姿势，氛围感拉满！ - 姿势/引导摄影参考","8个咖啡店☕下午茶拍照姿势，氛围感拉满！；姿势/引导；收藏；拍摄；小红书；摄影参考；人像摄影；拍摄姿势；moodboard","从 Obsidian 表格抽取；建议复核原链接后补充作品截图、视频链接和授权备注。","待复核","中"
"00-小红书收藏-拍摄专辑-i人也能拍出生命力-5个氧气感汉服拍照动作-18","i人也能拍出生命力！5个氧气感汉服拍照动作","obsidian_table_row","国风/汉服","小红书/Obsidian","https://www.xiaohongshu.com/board/69f468d9000000003302dc4c","摄影姿势库/00_小红书收藏_拍摄专辑.md","","收藏；拍摄；小红书；摄影参考；生命力；汉服","汉服/i人","https://www.xiaohongshu.com/board/69f468d9000000003302dc4c","i人也能拍出生命力！5个氧气感汉服拍照动作 国风/汉服 收藏 拍摄 小红书 摄影参考 生命力 汉服；i人也能拍出生命力！5个氧气感汉服拍照动作 摄影参考；国风/汉服 人像拍摄；收藏 拍摄 小红书 pose reference","园林/古风室内","汉服模特","中等","妆造/服装/道具影响很大","姿势引导；发布表达","399-699","高","可直接转化为拍摄选题、姿势引导或成片风格参考。","platform-link-only","medium-shot","static","saliency-focus","inspiration","i人也能拍出生命力！5个氧气感汉服拍照动作 - 国风/汉服摄影参考","i人也能拍出生命力！5个氧气感汉服拍照动作；国风/汉服；收藏；拍摄；小红书；摄影参考；生命力；汉服；人像摄影；拍摄姿势；moodboard","从 Obsidian 表格抽取；建议复核原链接后补充作品截图、视频链接和授权备注。","待复核","高"
"00-小红书收藏-拍摄专辑-第一个姿势学会-谁都能拍照显瘦个20斤-19","第一个姿势学会 谁都能拍照显瘦个20斤","obsidian_table_row","姿势/引导","小红书/Obsidian","https://www.xiaohongshu.com/board/69f468d9000000003302dc4c","摄影姿势库/00_小红书收藏_拍摄专辑.md","","收藏；拍摄；小红书；摄影参考","显瘦","https://www.xiaohongshu.com/board/69f468d9000000003302dc4c","第一个姿势学会 谁都能拍照显瘦个20斤 姿势/引导 收藏 拍摄 小红书 摄影参考；第一个姿势学会 谁都能拍照显瘦个20斤 摄影参考；姿势/引导 人像拍摄；收藏 拍摄 小红书 pose reference","通用人像场景","单人女生/普通客片","容易","常规沟通和审美匹配风险","姿势引导；发布表达","199-399","中","适合作为检索补充或局部灵感。","platform-link-only","medium-shot","static","saliency-focus","shot-planning","第一个姿势学会 谁都能拍照显瘦个20斤 - 姿势/引导摄影参考","第一个姿势学会 谁都能拍照显瘦个20斤；姿势/引导；收藏；拍摄；小红书；摄影参考；人像摄影；拍摄姿势；moodboard","从 Obsidian 表格抽取；建议复核原链接后补充作品截图、视频链接和授权备注。","待复核","中"
"00-小红书收藏-拍摄专辑-人像摄影16种构图及拍摄思路-20","📸人像摄影16种构图及拍摄思路","obsidian_table_row","构图/技巧","小红书/Obsidian","https://www.xiaohongshu.com/board/69f468d9000000003302dc4c","摄影姿势库/00_小红书收藏_拍摄专辑.md","","收藏；拍摄；小红书；摄影参考；构图","构图/思路","https://www.xiaohongshu.com/board/69f468d9000000003302dc4c","📸人像摄影16种构图及拍摄思路 构图/技巧 收藏 拍摄 小红书 摄影参考 构图；📸人像摄影16种构图及拍摄思路 摄影参考；构图/技巧 人像拍摄；收藏 拍摄 小红书 pose reference","通用人像场景","单人女生/普通客片","中等","常规沟通和审美匹配风险","构图镜头；发布表达","99-399","高","可直接转化为拍摄选题、姿势引导或成片风格参考。","platform-link-only","medium-shot","static","saliency-focus","shot-planning","📸人像摄影16种构图及拍摄思路 - 构图/技巧摄影参考","📸人像摄影16种构图及拍摄思路；构图/技巧；收藏；拍摄；小红书；摄影参考；构图；人像摄影；拍摄姿势；moodboard","从 Obsidian 表格抽取；建议复核原链接后补充作品截图、视频链接和授权备注。","待复核","高"
"00-小红书收藏-拍摄专辑-如何在光影下拍出动感大片-21","如何在光影下拍出动感大片？","obsidian_table_row","构图/技巧","小红书/Obsidian","https://www.xiaohongshu.com/board/69f468d9000000003302dc4c","摄影姿势库/00_小红书收藏_拍摄专辑.md","","收藏；拍摄；小红书；摄影参考；光影","光影","https://www.xiaohongshu.com/board/69f468d9000000003302dc4c","如何在光影下拍出动感大片？ 构图/技巧 收藏 拍摄 小红书 摄影参考 光影；如何在光影下拍出动感大片？ 摄影参考；构图/技巧 人像拍摄；收藏 拍摄 小红书 pose reference","通用人像场景","单人女生/普通客片","中等","需要控光或合适时段","构图镜头；光线氛围；发布表达","99-399","高","可直接转化为拍摄选题、姿势引导或成片风格参考。","platform-link-only","medium-shot","static","saliency-focus","shot-planning","如何在光影下拍出动感大片？ - 构图/技巧摄影参考","如何在光影下拍出动感大片？；构图/技巧；收藏；拍摄；小红书；摄影参考；光影；人像摄影；拍摄姿势；moodboard","从 Obsidian 表格抽取；建议复核原链接后补充作品截图、视频链接和授权备注。","待复核","中"
"00-小红书收藏-拍摄专辑-阳光下的活人感大片-22","阳光下的活人感大片！","obsidian_table_row","综合参考","小红书/Obsidian","https://www.xiaohongshu.com/board/69f468d9000000003302dc4c","摄影姿势库/00_小红书收藏_拍摄专辑.md","","收藏；拍摄；小红书；摄影参考","氛围感","https://www.xiaohongshu.com/board/69f468d9000000003302dc4c","阳光下的活人感大片！ 综合参考 收藏 拍摄 小红书 摄影参考；阳光下的活人感大片！ 摄影参考；综合参考 人像拍摄；收藏 拍摄 小红书 pose reference","通用人像场景","单人女生/普通客片","中等","常规沟通和审美匹配风险","光线氛围；发布表达","99-399","中","适合作为检索补充或局部灵感。","platform-link-only","medium-shot","static","saliency-focus","inspiration","阳光下的活人感大片！ - 综合参考摄影参考","阳光下的活人感大片！；综合参考；收藏；拍摄；小红书；摄影参考；人像摄影；拍摄姿势；moodboard","从 Obsidian 表格抽取；建议复核原链接后补充作品截图、视频链接和授权备注。","待复核","中"
"00-小红书收藏-拍摄专辑-别再只会晒太阳了-23","别再只会晒太阳了","obsidian_table_row","构图/技巧","小红书/Obsidian","https://www.xiaohongshu.com/board/69f468d9000000003302dc4c","摄影姿势库/00_小红书收藏_拍摄专辑.md","","收藏；拍摄；小红书；摄影参考；构图","构图","https://www.xiaohongshu.com/board/69f468d9000000003302dc4c","别再只会晒太阳了 构图/技巧 收藏 拍摄 小红书 摄影参考 构图；别再只会晒太阳了 摄影参考；构图/技巧 人像拍摄；收藏 拍摄 小红书 pose reference","通用人像场景","单人女生/普通客片","中等","常规沟通和审美匹配风险","构图镜头；发布表达","99-399","高","可直接转化为拍摄选题、姿势引导或成片风格参考。","platform-link-only","medium-shot","static","saliency-focus","shot-planning","别再只会晒太阳了 - 构图/技巧摄影参考","别再只会晒太阳了；构图/技巧；收藏；拍摄；小红书；摄影参考；构图；人像摄影；拍摄姿势；moodboard","从 Obsidian 表格抽取；建议复核原链接后补充作品截图、视频链接和授权备注。","待复核","中"
"00-小红书收藏-拍摄专辑-存一些拍蓝花楹技巧-9个万能构图-姿势-24","存一些拍蓝花楹技巧📷 9个万能构图➕姿势","obsidian_table_row","姿势/引导","小红书/Obsidian","https://www.xiaohongshu.com/board/69f468d9000000003302dc4c","摄影姿势库/00_小红书收藏_拍摄专辑.md","","收藏；拍摄；小红书；摄影参考；构图","构图/花","https://www.xiaohongshu.com/board/69f468d9000000003302dc4c","存一些拍蓝花楹技巧📷 9个万能构图➕姿势 姿势/引导 收藏 拍摄 小红书 摄影参考 构图；存一些拍蓝花楹技巧📷 9个万能构图➕姿势 摄影参考；姿势/引导 人像拍摄；收藏 拍摄 小红书 pose reference","通用人像场景","单人女生/普通客片","容易","常规沟通和审美匹配风险","姿势引导；构图镜头；发布表达","199-399","高","可直接转化为拍摄选题、姿势引导或成片风格参考。","platform-link-only","medium-shot","static","saliency-focus","shot-planning","存一些拍蓝花楹技巧📷 9个万能构图➕姿势 - 姿势/引导摄影参考","存一些拍蓝花楹技巧📷 9个万能构图➕姿势；姿势/引导；收藏；拍摄；小红书；摄影参考；构图；人像摄影；拍摄姿势；moodboard","从 Obsidian 表格抽取；建议复核原链接后补充作品截图、视频链接和授权备注。","待复核","高"
"00-小红书收藏-拍摄专辑-学到了-旅游爬山氛围感万能出片技巧-25","学到了！旅游爬山氛围感万能出片技巧","obsidian_table_row","构图/技巧","小红书/Obsidian","https://www.xiaohongshu.com/board/69f468d9000000003302dc4c","摄影姿势库/00_小红书收藏_拍摄专辑.md","","收藏；拍摄；小红书；摄影参考","爬山/氛围","https://www.xiaohongshu.com/board/69f468d9000000003302dc4c","学到了！旅游爬山氛围感万能出片技巧 构图/技巧 收藏 拍摄 小红书 摄影参考；学到了！旅游爬山氛围感万能出片技巧 摄影参考；构图/技巧 人像拍摄；收藏 拍摄 小红书 pose reference","通用人像场景","单人女生/普通客片","中等","常规沟通和审美匹配风险","构图镜头；发布表达","99-399","高","可直接转化为拍摄选题、姿势引导或成片风格参考。","platform-link-only","medium-shot","static","saliency-focus","shot-planning","学到了！旅游爬山氛围感万能出片技巧 - 构图/技巧摄影参考","学到了！旅游爬山氛围感万能出片技巧；构图/技巧；收藏；拍摄；小红书；摄影参考；人像摄影；拍摄姿势；moodboard","从 Obsidian 表格抽取；建议复核原链接后补充作品截图、视频链接和授权备注。","待复核","中"
"00-小红书收藏-拍摄专辑-学到了-旅游氛围感拍照万能出片技巧-26","学到了！旅游氛围感拍照万能出片技巧","obsidian_table_row","构图/技巧","小红书/Obsidian","https://www.xiaohongshu.com/board/69f468d9000000003302dc4c","摄影姿势库/00_小红书收藏_拍摄专辑.md","","收藏；拍摄；小红书；摄影参考","旅游/氛围","https://www.xiaohongshu.com/board/69f468d9000000003302dc4c","学到了！旅游氛围感拍照万能出片技巧 构图/技巧 收藏 拍摄 小红书 摄影参考；学到了！旅游氛围感拍照万能出片技巧 摄影参考；构图/技巧 人像拍摄；收藏 拍摄 小红书 pose reference","通用人像场景","单人女生/普通客片","中等","常规沟通和审美匹配风险","构图镜头；发布表达","99-399","高","可直接转化为拍摄选题、姿势引导或成片风格参考。","platform-link-only","medium-shot","static","saliency-focus","shot-planning","学到了！旅游氛围感拍照万能出片技巧 - 构图/技巧摄影参考","学到了！旅游氛围感拍照万能出片技巧；构图/技巧；收藏；拍摄；小红书；摄影参考；人像摄影；拍摄姿势；moodboard","从 Obsidian 表格抽取；建议复核原链接后补充作品截图、视频链接和授权备注。","待复核","中"
"00-小红书收藏-拍摄专辑-拍花学会这7-个万能技巧和构图就够了-27","拍花学会这7️⃣个万能技巧和构图就够了","obsidian_table_row","构图/技巧","小红书/Obsidian","https://www.xiaohongshu.com/board/69f468d9000000003302dc4c","摄影姿势库/00_小红书收藏_拍摄专辑.md","","收藏；拍摄；小红书；摄影参考；构图","花/构图","https://www.xiaohongshu.com/board/69f468d9000000003302dc4c","拍花学会这7️⃣个万能技巧和构图就够了 构图/技巧 收藏 拍摄 小红书 摄影参考 构图；拍花学会这7️⃣个万能技巧和构图就够了 摄影参考；构图/技巧 人像拍摄；收藏 拍摄 小红书 pose reference","通用人像场景","单人女生/普通客片","中等","常规沟通和审美匹配风险","构图镜头；发布表达","99-399","高","可直接转化为拍摄选题、姿势引导或成片风格参考。","platform-link-only","medium-shot","static","saliency-focus","shot-planning","拍花学会这7️⃣个万能技巧和构图就够了 - 构图/技巧摄影参考","拍花学会这7️⃣个万能技巧和构图就够了；构图/技巧；收藏；拍摄；小红书；摄影参考；构图；人像摄影；拍摄姿势；moodboard","从 Obsidian 表格抽取；建议复核原链接后补充作品截图、视频链接和授权备注。","待复核","高"
"00-小红书收藏-拍摄专辑-拍花海学会这个5-个万能构图技巧就够了-28","拍花海学会这个5⃣️个万能构图技巧就够了","obsidian_table_row","构图/技巧","小红书/Obsidian","https://www.xiaohongshu.com/board/69f468d9000000003302dc4c","摄影姿势库/00_小红书收藏_拍摄专辑.md","","收藏；拍摄；小红书；摄影参考；花海；构图","花海/构图","https://www.xiaohongshu.com/board/69f468d9000000003302dc4c","拍花海学会这个5⃣️个万能构图技巧就够了 构图/技巧 收藏 拍摄 小红书 摄影参考 花海 构图；拍花海学会这个5⃣️个万能构图技巧就够了 摄影参考；构图/技巧 人像拍摄；收藏 拍摄 小红书 pose reference","花海/春夏外景","单人女生/普通客片","容易","天气和光线不稳定","构图镜头；发布表达","199-399","高","可直接转化为拍摄选题、姿势引导或成片风格参考。","platform-link-only","medium-shot","static","saliency-focus","shot-planning","拍花海学会这个5⃣️个万能构图技巧就够了 - 构图/技巧摄影参考","拍花海学会这个5⃣️个万能构图技巧就够了；构图/技巧；收藏；拍摄；小红书；摄影参考；花海；构图；人像摄影；拍摄姿势；moodboard","从 Obsidian 表格抽取；建议复核原链接后补充作品截图、视频链接和授权备注。","待复核","高"
"00-小红书收藏-拍摄专辑-拍出春日生命力-解锁这6-招就够了-29","拍出春日生命力 解锁这6⃣️招就够了","obsidian_table_row","构图/技巧","小红书/Obsidian","https://www.xiaohongshu.com/board/69f468d9000000003302dc4c","摄影姿势库/00_小红书收藏_拍摄专辑.md","","收藏；拍摄；小红书；摄影参考；生命力；春日","春日/技巧","https://www.xiaohongshu.com/board/69f468d9000000003302dc4c","拍出春日生命力 解锁这6⃣️招就够了 构图/技巧 收藏 拍摄 小红书 摄影参考 生命力 春日；拍出春日生命力 解锁这6⃣️招就够了 摄影参考；构图/技巧 人像拍摄；收藏 拍摄 小红书 pose reference","通用人像场景","单人女生/普通客片","中等","天气和光线不稳定","构图镜头；发布表达","99-399","高","可直接转化为拍摄选题、姿势引导或成片风格参考。","platform-link-only","medium-shot","static","saliency-focus","shot-planning","拍出春日生命力 解锁这6⃣️招就够了 - 构图/技巧摄影参考","拍出春日生命力 解锁这6⃣️招就够了；构图/技巧；收藏；拍摄；小红书；摄影参考；生命力；春日；人像摄影；拍摄姿势；moodboard","从 Obsidian 表格抽取；建议复核原链接后补充作品截图、视频链接和授权备注。","待复核","高"
"00-小红书收藏-拍摄专辑-当我学会用电影视角拍照片-30","当我学会用电影视角拍照片","obsidian_table_row","视频拍摄","小红书/Obsidian","https://www.xiaohongshu.com/board/69f468d9000000003302dc4c","摄影姿势库/00_小红书收藏_拍摄专辑.md","","收藏；拍摄；小红书；摄影参考；电影感","电影感","https://www.xiaohongshu.com/board/69f468d9000000003302dc4c","当我学会用电影视角拍照片 视频拍摄 收藏 拍摄 小红书 摄影参考 电影感；当我学会用电影视角拍照片 摄影参考；视频拍摄 人像拍摄；收藏 拍摄 小红书 pose reference","通用人像场景","视频创作者","中等","需要控光或合适时段；需要运动镜头和剪辑配合","发布表达","399-699","高","可直接转化为拍摄选题、姿势引导或成片风格参考。","platform-link-only","medium-shot","static","saliency-focus","inspiration","当我学会用电影视角拍照片 - 视频拍摄摄影参考","当我学会用电影视角拍照片；视频拍摄；收藏；拍摄；小红书；摄影参考；电影感；人像摄影；拍摄姿势；moodboard","从 Obsidian 表格抽取；建议复核原链接后补充作品截图、视频链接和授权备注。","待复核","中"
"00-小红书收藏-拍摄专辑-快来学-我终于找到了麦田拍照技巧啦-31","快来学！！我终于找到了麦田拍照技巧啦！！","obsidian_table_row","构图/技巧","小红书/Obsidian","https://www.xiaohongshu.com/board/69f468d9000000003302dc4c","摄影姿势库/00_小红书收藏_拍摄专辑.md","","收藏；拍摄；小红书；摄影参考","麦田/技巧","https://www.xiaohongshu.com/board/69f468d9000000003302dc4c","快来学！！我终于找到了麦田拍照技巧啦！！ 构图/技巧 收藏 拍摄 小红书 摄影参考；快来学！！我终于找到了麦田拍照技巧啦！！ 摄影参考；构图/技巧 人像拍摄；收藏 拍摄 小红书 pose reference","通用人像场景","单人女生/普通客片","中等","常规沟通和审美匹配风险","构图镜头；发布表达","99-399","高","可直接转化为拍摄选题、姿势引导或成片风格参考。","platform-link-only","medium-shot","static","saliency-focus","shot-planning","快来学！！我终于找到了麦田拍照技巧啦！！ - 构图/技巧摄影参考","快来学！！我终于找到了麦田拍照技巧啦！！；构图/技巧；收藏；拍摄；小红书；摄影参考；人像摄影；拍摄姿势；moodboard","从 Obsidian 表格抽取；建议复核原链接后补充作品截图、视频链接和授权备注。","待复核","中"
"00-小红书收藏-拍摄专辑-蔷薇花墙拍照太绝了-电影感写真这样拍-32","📸蔷薇花墙拍照太绝了！电影感写真这样拍🎞️","obsidian_table_row","视频拍摄","小红书/Obsidian","https://www.xiaohongshu.com/board/69f468d9000000003302dc4c","摄影姿势库/00_小红书收藏_拍摄专辑.md","","收藏；拍摄；小红书；摄影参考；电影感","花墙/电影感","https://www.xiaohongshu.com/board/69f468d9000000003302dc4c","📸蔷薇花墙拍照太绝了！电影感写真这样拍🎞️ 视频拍摄 收藏 拍摄 小红书 摄影参考 电影感；📸蔷薇花墙拍照太绝了！电影感写真这样拍🎞️ 摄影参考；视频拍摄 人像拍摄；收藏 拍摄 小红书 pose reference","通用人像场景","视频创作者","中等","需要控光或合适时段；需要运动镜头和剪辑配合","发布表达","399-699","高","可直接转化为拍摄选题、姿势引导或成片风格参考。","platform-link-only","medium-shot","static","saliency-focus","inspiration","📸蔷薇花墙拍照太绝了！电影感写真这样拍🎞️ - 视频拍摄摄影参考","📸蔷薇花墙拍照太绝了！电影感写真这样拍🎞️；视频拍摄；收藏；拍摄；小红书；摄影参考；电影感；人像摄影；拍摄姿势；moodboard","从 Obsidian 表格抽取；建议复核原链接后补充作品截图、视频链接和授权备注。","待复核","高"
"00-小红书收藏-拍摄专辑-当我通过colorwalk去拍照-就会得到-33","当我通过colorwalk去拍照 🌼就会得到...","obsidian_table_row","调色/后期","小红书/Obsidian","https://www.xiaohongshu.com/board/69f468d9000000003302dc4c","摄影姿势库/00_小红书收藏_拍摄专辑.md","","收藏；拍摄；小红书；摄影参考","色彩","https://www.xiaohongshu.com/board/69f468d9000000003302dc4c","当我通过colorwalk去拍照 🌼就会得到... 调色/后期 收藏 拍摄 小红书 摄影参考；当我通过colorwalk去拍照 🌼就会得到... 摄影参考；调色/后期 人像拍摄；收藏 拍摄 小红书 pose reference","通用人像场景","单人女生/普通客片","中等","常规沟通和审美匹配风险","色彩后期；发布表达","99-399","高","可直接转化为拍摄选题、姿势引导或成片风格参考。","platform-link-only","medium-shot","static","saliency-focus","color-grading","当我通过colorwalk去拍照 🌼就会得到... - 调色/后期摄影参考","当我通过colorwalk去拍照 🌼就会得到...；调色/后期；收藏；拍摄；小红书；摄影参考；人像摄影；拍摄姿势；moodboard","从 Obsidian 表格抽取；建议复核原链接后补充作品截图、视频链接和授权备注。","待复核","中"
"00-小红书收藏-拍摄专辑-五一在南京这么出片-34","五一在南京这么出片","obsidian_table_row","综合参考","小红书/Obsidian","https://www.xiaohongshu.com/board/69f468d9000000003302dc4c","摄影姿势库/00_小红书收藏_拍摄专辑.md","","收藏；拍摄；小红书；摄影参考","城市","https://www.xiaohongshu.com/board/69f468d9000000003302dc4c","五一在南京这么出片 综合参考 收藏 拍摄 小红书 摄影参考；五一在南京这么出片 摄影参考；综合参考 人像拍摄；收藏 拍摄 小红书 pose reference","通用人像场景","单人女生/普通客片","中等","常规沟通和审美匹配风险","发布表达","99-399","中","适合作为检索补充或局部灵感。","platform-link-only","medium-shot","static","saliency-focus","inspiration","五一在南京这么出片 - 综合参考摄影参考","五一在南京这么出片；综合参考；收藏；拍摄；小红书；摄影参考；人像摄影；拍摄姿势；moodboard","从 Obsidian 表格抽取；建议复核原链接后补充作品截图、视频链接和授权备注。","待复核","中"
"00-小红书收藏-拍摄专辑-大疆稳定器使用技巧-35","大疆稳定器使用技巧","obsidian_table_row","构图/技巧","小红书/Obsidian","https://www.xiaohongshu.com/board/69f468d9000000003302dc4c","摄影姿势库/00_小红书收藏_拍摄专辑.md","","收藏；拍摄；小红书；摄影参考；稳定器","稳定器/设备","https://www.xiaohongshu.com/board/69f468d9000000003302dc4c","大疆稳定器使用技巧 构图/技巧 收藏 拍摄 小红书 摄影参考 稳定器；大疆稳定器使用技巧 摄影参考；构图/技巧 人像拍摄；收藏 拍摄 小红书 pose reference","通用人像场景","单人女生/普通客片","中等","需要运动镜头和剪辑配合","构图镜头；发布表达","99-399","高","可直接转化为拍摄选题、姿势引导或成片风格参考。","platform-link-only","medium-shot","travelling-in","saliency-focus","shot-planning","大疆稳定器使用技巧 - 构图/技巧摄影参考","大疆稳定器使用技巧；构图/技巧；收藏；拍摄；小红书；摄影参考；稳定器；人像摄影；拍摄姿势；moodboard","从 Obsidian 表格抽取；建议复核原链接后补充作品截图、视频链接和授权备注。","待复核","高"
"00-小红书收藏-拍摄专辑-武汉电玩城鱼眼人像-甜酷氛围感实拍-36","武汉电玩城鱼眼人像｜甜酷氛围感实拍","obsidian_table_row","综合参考","小红书/Obsidian","https://www.xiaohongshu.com/board/69f468d9000000003302dc4c","摄影姿势库/00_小红书收藏_拍摄专辑.md","","收藏；拍摄；小红书；摄影参考；鱼眼","鱼眼/设备","https://www.xiaohongshu.com/board/69f468d9000000003302dc4c","武汉电玩城鱼眼人像｜甜酷氛围感实拍 综合参考 收藏 拍摄 小红书 摄影参考 鱼眼；武汉电玩城鱼眼人像｜甜酷氛围感实拍 摄影参考；综合参考 人像拍摄；收藏 拍摄 小红书 pose reference","通用人像场景","单人女生/普通客片","中等","常规沟通和审美匹配风险","发布表达","99-399","中","适合作为检索补充或局部灵感。","platform-link-only","medium-shot","static","saliency-focus","inspiration","武汉电玩城鱼眼人像｜甜酷氛围感实拍 - 综合参考摄影参考","武汉电玩城鱼眼人像｜甜酷氛围感实拍；综合参考；收藏；拍摄；小红书；摄影参考；鱼眼；人像摄影；拍摄姿势；moodboard","从 Obsidian 表格抽取；建议复核原链接后补充作品截图、视频链接和授权备注。","待复核","中"
"00-小红书收藏-拍摄专辑-从0开始学摄影-第四期-37","从0开始学摄影｜第四期","obsidian_table_row","综合参考","小红书/Obsidian","https://www.xiaohongshu.com/board/69f468d9000000003302dc4c","摄影姿势库/00_小红书收藏_拍摄专辑.md","","收藏；拍摄；小红书；摄影参考","教程","https://www.xiaohongshu.com/board/69f468d9000000003302dc4c","从0开始学摄影｜第四期 综合参考 收藏 拍摄 小红书 摄影参考；从0开始学摄影｜第四期 摄影参考；综合参考 人像拍摄；收藏 拍摄 小红书 pose reference","通用人像场景","单人女生/普通客片","中等","常规沟通和审美匹配风险","发布表达","99-399","中","适合作为检索补充或局部灵感。","platform-link-only","medium-shot","static","saliency-focus","inspiration","从0开始学摄影｜第四期 - 综合参考摄影参考","从0开始学摄影｜第四期；综合参考；收藏；拍摄；小红书；摄影参考；人像摄影；拍摄姿势；moodboard","从 Obsidian 表格抽取；建议复核原链接后补充作品截图、视频链接和授权备注。","待复核","中"
"00-小红书收藏-拍摄专辑-尼康镜头下的浪漫春日-拍摄引导-38","尼康镜头下的浪漫春日｜拍摄引导","obsidian_table_row","构图/技巧","小红书/Obsidian","https://www.xiaohongshu.com/board/69f468d9000000003302dc4c","摄影姿势库/00_小红书收藏_拍摄专辑.md","","收藏；拍摄；小红书；摄影参考；春日","设备/引导","https://www.xiaohongshu.com/board/69f468d9000000003302dc4c","尼康镜头下的浪漫春日｜拍摄引导 构图/技巧 收藏 拍摄 小红书 摄影参考 春日；尼康镜头下的浪漫春日｜拍摄引导 摄影参考；构图/技巧 人像拍摄；收藏 拍摄 小红书 pose reference","通用人像场景","单人女生/普通客片","中等","天气和光线不稳定","构图镜头；发布表达","99-399","高","可直接转化为拍摄选题、姿势引导或成片风格参考。","platform-link-only","medium-shot","static","saliency-focus","shot-planning","尼康镜头下的浪漫春日｜拍摄引导 - 构图/技巧摄影参考","尼康镜头下的浪漫春日｜拍摄引导；构图/技巧；收藏；拍摄；小红书；摄影参考；春日；人像摄影；拍摄姿势；moodboard","从 Obsidian 表格抽取；建议复核原链接后补充作品截图、视频链接和授权备注。","待复核","中"
"00-小红书收藏-拍摄专辑-春天是浪漫本身-39","春天是浪漫本身","obsidian_table_row","综合参考","小红书/Obsidian","https://www.xiaohongshu.com/board/69f468d9000000003302dc4c","摄影姿势库/00_小红书收藏_拍摄专辑.md","","收藏；拍摄；小红书；摄影参考；春日","春日","https://www.xiaohongshu.com/board/69f468d9000000003302dc4c","春天是浪漫本身 综合参考 收藏 拍摄 小红书 摄影参考 春日；春天是浪漫本身 摄影参考；综合参考 人像拍摄；收藏 拍摄 小红书 pose reference","通用人像场景","单人女生/普通客片","中等","天气和光线不稳定","发布表达","99-399","中","适合作为检索补充或局部灵感。","platform-link-only","medium-shot","static","saliency-focus","inspiration","春天是浪漫本身 - 综合参考摄影参考","春天是浪漫本身；综合参考；收藏；拍摄；小红书；摄影参考；春日；人像摄影；拍摄姿势；moodboard","从 Obsidian 表格抽取；建议复核原链接后补充作品截图、视频链接和授权备注。","待复核","中"
"00-小红书收藏-拍摄专辑-夏天就要拍草地和蓝天呀-文艺胶片风-40","夏天就要拍草地和蓝天呀！📷文艺胶片风","obsidian_table_row","综合参考","小红书/Obsidian","https://www.xiaohongshu.com/board/69f468d9000000003302dc4c","摄影姿势库/00_小红书收藏_拍摄专辑.md","","收藏；拍摄；小红书；摄影参考；胶片；草地；夏天","草地/胶片风","https://www.xiaohongshu.com/board/69f468d9000000003302dc4c","夏天就要拍草地和蓝天呀！📷文艺胶片风 综合参考 收藏 拍摄 小红书 摄影参考 胶片 草地 夏天；夏天就要拍草地和蓝天呀！📷文艺胶片风 摄影参考；综合参考 人像拍摄；收藏 拍摄 小红书 pose reference","草地/公园","单人女生/普通客片","容易","天气和光线不稳定","色彩后期；发布表达","199-399","中","适合作为检索补充或局部灵感。","platform-link-only","medium-shot","static","saliency-focus","inspiration","夏天就要拍草地和蓝天呀！📷文艺胶片风 - 综合参考摄影参考","夏天就要拍草地和蓝天呀！📷文艺胶片风；综合参考；收藏；拍摄；小红书；摄影参考；胶片；草地；夏天；人像摄影；拍摄姿势；moodboard","从 Obsidian 表格抽取；建议复核原链接后补充作品截图、视频链接和授权备注。","待复核","中"
"00-小红书收藏-拍摄专辑-这组国风旗袍夯爆了-41","这组国风旗袍夯爆了","obsidian_table_row","国风/汉服","小红书/Obsidian","https://www.xiaohongshu.com/board/69f468d9000000003302dc4c","摄影姿势库/00_小红书收藏_拍摄专辑.md","","收藏；拍摄；小红书；摄影参考；旗袍","旗袍/国风","https://www.xiaohongshu.com/board/69f468d9000000003302dc4c","这组国风旗袍夯爆了 国风/汉服 收藏 拍摄 小红书 摄影参考 旗袍；这组国风旗袍夯爆了 摄影参考；国风/汉服 人像拍摄；收藏 拍摄 小红书 pose reference","园林/古风室内","汉服模特","中等","妆造/服装/道具影响很大","发布表达","399-699","高","可直接转化为拍摄选题、姿势引导或成片风格参考。","platform-link-only","medium-shot","static","saliency-focus","inspiration","这组国风旗袍夯爆了 - 国风/汉服摄影参考","这组国风旗袍夯爆了；国风/汉服；收藏；拍摄；小红书；摄影参考；旗袍；人像摄影；拍摄姿势；moodboard","从 Obsidian 表格抽取；建议复核原链接后补充作品截图、视频链接和授权备注。","待复核","中"
"00-小红书收藏-拍摄专辑-35mm下的绿意-42","35mm下的绿意","obsidian_table_row","构图/技巧","小红书/Obsidian","https://www.xiaohongshu.com/board/69f468d9000000003302dc4c","摄影姿势库/00_小红书收藏_拍摄专辑.md","","收藏；拍摄；小红书；摄影参考；35mm","镜头/绿意","https://www.xiaohongshu.com/board/69f468d9000000003302dc4c","35mm下的绿意 构图/技巧 收藏 拍摄 小红书 摄影参考 35mm；35mm下的绿意 摄影参考；构图/技巧 人像拍摄；收藏 拍摄 小红书 pose reference","通用人像场景","单人女生/普通客片","中等","常规沟通和审美匹配风险","构图镜头；发布表达","99-399","高","可直接转化为拍摄选题、姿势引导或成片风格参考。","platform-link-only","medium-shot","static","saliency-focus","shot-planning","35mm下的绿意 - 构图/技巧摄影参考","35mm下的绿意；构图/技巧；收藏；拍摄；小红书；摄影参考；35mm；人像摄影；拍摄姿势；moodboard","从 Obsidian 表格抽取；建议复核原链接后补充作品截图、视频链接和授权备注。","待复核","中"
"00-小红书收藏-拍摄专辑-5月的蓝花楹是春天写给昆明的诗-43","5月的蓝花楹是春天写给昆明的诗🪻","obsidian_table_row","综合参考","小红书/Obsidian","https://www.xiaohongshu.com/board/69f468d9000000003302dc4c","摄影姿势库/00_小红书收藏_拍摄专辑.md","","收藏；拍摄；小红书；摄影参考","蓝花楹/城市","https://www.xiaohongshu.com/board/69f468d9000000003302dc4c","5月的蓝花楹是春天写给昆明的诗🪻 综合参考 收藏 拍摄 小红书 摄影参考；5月的蓝花楹是春天写给昆明的诗🪻 摄影参考；综合参考 人像拍摄；收藏 拍摄 小红书 pose reference","通用人像场景","单人女生/普通客片","中等","常规沟通和审美匹配风险","发布表达","99-399","中","适合作为检索补充或局部灵感。","platform-link-only","medium-shot","static","saliency-focus","inspiration","5月的蓝花楹是春天写给昆明的诗🪻 - 综合参考摄影参考","5月的蓝花楹是春天写给昆明的诗🪻；综合参考；收藏；拍摄；小红书；摄影参考；人像摄影；拍摄姿势；moodboard","从 Obsidian 表格抽取；建议复核原链接后补充作品截图、视频链接和授权备注。","待复核","中"
"00-小红书收藏-拍摄专辑-月见草写真全攻略-月色如梦-花香如诗-44","🌕月见草写真全攻略｜月色如梦，花香如诗🌸","obsidian_table_row","综合参考","小红书/Obsidian","https://www.xiaohongshu.com/board/69f468d9000000003302dc4c","摄影姿势库/00_小红书收藏_拍摄专辑.md","","收藏；拍摄；小红书；摄影参考","月见草/攻略","https://www.xiaohongshu.com/board/69f468d9000000003302dc4c","🌕月见草写真全攻略｜月色如梦，花香如诗🌸 综合参考 收藏 拍摄 小红书 摄影参考；🌕月见草写真全攻略｜月色如梦，花香如诗🌸 摄影参考；综合参考 人像拍摄；收藏 拍摄 小红书 pose reference","通用人像场景","单人女生/普通客片","中等","常规沟通和审美匹配风险","发布表达","99-399","中","适合作为检索补充或局部灵感。","platform-link-only","medium-shot","static","saliency-focus","inspiration","🌕月见草写真全攻略｜月色如梦，花香如诗🌸 - 综合参考摄影参考","🌕月见草写真全攻略｜月色如梦，花香如诗🌸；综合参考；收藏；拍摄；小红书；摄影参考；人像摄影；拍摄姿势；moodboard","从 Obsidian 表格抽取；建议复核原链接后补充作品截图、视频链接和授权备注。","待复核","中"
"00-小红书收藏-拍摄专辑-5-9-一不小心-误闯现实版的印象派油画-45","5.9｜一不小心，误闯现实版的印象派油画！","obsidian_table_row","综合参考","小红书/Obsidian","https://www.xiaohongshu.com/board/69f468d9000000003302dc4c","摄影姿势库/00_小红书收藏_拍摄专辑.md","","收藏；拍摄；小红书；摄影参考","印象派","https://www.xiaohongshu.com/board/69f468d9000000003302dc4c","5.9｜一不小心，误闯现实版的印象派油画！ 综合参考 收藏 拍摄 小红书 摄影参考；5.9｜一不小心，误闯现实版的印象派油画！ 摄影参考；综合参考 人像拍摄；收藏 拍摄 小红书 pose reference","通用人像场景","单人女生/普通客片","中等","常规沟通和审美匹配风险","发布表达","99-399","中","适合作为检索补充或局部灵感。","platform-link-only","medium-shot","static","saliency-focus","inspiration","5.9｜一不小心，误闯现实版的印象派油画！ - 综合参考摄影参考","5.9｜一不小心，误闯现实版的印象派油画！；综合参考；收藏；拍摄；小红书；摄影参考；人像摄影；拍摄姿势；moodboard","从 Obsidian 表格抽取；建议复核原链接后补充作品截图、视频链接和授权备注。","待复核","中"
"00-小红书收藏-拍摄专辑-用全屏-live-走进我的夏日阳光农场-46","用全屏 live 走进我的夏日阳光农场🏡","obsidian_table_row","综合参考","小红书/Obsidian","https://www.xiaohongshu.com/board/69f468d9000000003302dc4c","摄影姿势库/00_小红书收藏_拍摄专辑.md","","收藏；拍摄；小红书；摄影参考","农场/氛围","https://www.xiaohongshu.com/board/69f468d9000000003302dc4c","用全屏 live 走进我的夏日阳光农场🏡 综合参考 收藏 拍摄 小红书 摄影参考；用全屏 live 走进我的夏日阳光农场🏡 摄影参考；综合参考 人像拍摄；收藏 拍摄 小红书 pose reference","通用人像场景","单人女生/普通客片","中等","常规沟通和审美匹配风险","光线氛围；发布表达","99-399","中","适合作为检索补充或局部灵感。","platform-link-only","long-shot","static","saliency-focus","inspiration","用全屏 live 走进我的夏日阳光农场🏡 - 综合参考摄影参考","用全屏 live 走进我的夏日阳光农场🏡；综合参考；收藏；拍摄；小红书；摄影参考；人像摄影；拍摄姿势；moodboard","从 Obsidian 表格抽取；建议复核原链接后补充作品截图、视频链接和授权备注。","待复核","中"
"00-小红书收藏-拍摄专辑-和摄影老师一起拍出了夏天的味道-47","和摄影老师一起拍出了夏天的味道！","obsidian_table_row","综合参考","小红书/Obsidian","https://www.xiaohongshu.com/board/69f468d9000000003302dc4c","摄影姿势库/00_小红书收藏_拍摄专辑.md","","收藏；拍摄；小红书；摄影参考；夏天","氛围","https://www.xiaohongshu.com/board/69f468d9000000003302dc4c","和摄影老师一起拍出了夏天的味道！ 综合参考 收藏 拍摄 小红书 摄影参考 夏天；和摄影老师一起拍出了夏天的味道！ 摄影参考；综合参考 人像拍摄；收藏 拍摄 小红书 pose reference","通用人像场景","单人女生/普通客片","中等","天气和光线不稳定","发布表达","99-399","中","适合作为检索补充或局部灵感。","platform-link-only","medium-shot","static","saliency-focus","inspiration","和摄影老师一起拍出了夏天的味道！ - 综合参考摄影参考","和摄影老师一起拍出了夏天的味道！；综合参考；收藏；拍摄；小红书；摄影参考；夏天；人像摄影；拍摄姿势；moodboard","从 Obsidian 表格抽取；建议复核原链接后补充作品截图、视频链接和授权备注。","待复核","中"
"00-小红书收藏-拍摄专辑-用colorfit给夏天点颜色瞧瞧-48","用colorfit给夏天点颜色瞧瞧‼️","obsidian_table_row","调色/后期","小红书/Obsidian","https://www.xiaohongshu.com/board/69f468d9000000003302dc4c","摄影姿势库/00_小红书收藏_拍摄专辑.md","","收藏；拍摄；小红书；摄影参考；夏天","配色/夏天","https://www.xiaohongshu.com/board/69f468d9000000003302dc4c","用colorfit给夏天点颜色瞧瞧‼️ 调色/后期 收藏 拍摄 小红书 摄影参考 夏天；用colorfit给夏天点颜色瞧瞧‼️ 摄影参考；调色/后期 人像拍摄；收藏 拍摄 小红书 pose reference","通用人像场景","单人女生/普通客片","中等","天气和光线不稳定","色彩后期；发布表达","99-399","高","可直接转化为拍摄选题、姿势引导或成片风格参考。","platform-link-only","medium-shot","static","saliency-focus","color-grading","用colorfit给夏天点颜色瞧瞧‼️ - 调色/后期摄影参考","用colorfit给夏天点颜色瞧瞧‼️；调色/后期；收藏；拍摄；小红书；摄影参考；夏天；人像摄影；拍摄姿势；moodboard","从 Obsidian 表格抽取；建议复核原链接后补充作品截图、视频链接和授权备注。","待复核","中"
"00-小红书收藏-拍摄专辑-朋友圈吃不了的细糠-小红书也吃不了-49","朋友圈吃不了的细糠，小红书也吃不了","obsidian_table_row","综合参考","小红书/Obsidian","https://www.xiaohongshu.com/board/69f468d9000000003302dc4c","摄影姿势库/00_小红书收藏_拍摄专辑.md","","收藏；拍摄；小红书；摄影参考","高级感","https://www.xiaohongshu.com/board/69f468d9000000003302dc4c","朋友圈吃不了的细糠，小红书也吃不了 综合参考 收藏 拍摄 小红书 摄影参考；朋友圈吃不了的细糠，小红书也吃不了 摄影参考；综合参考 人像拍摄；收藏 拍摄 小红书 pose reference","通用人像场景","单人女生/普通客片","中等","常规沟通和审美匹配风险","发布表达","99-399","中","适合作为检索补充或局部灵感。","platform-link-only","medium-shot","static","saliency-focus","inspiration","朋友圈吃不了的细糠，小红书也吃不了 - 综合参考摄影参考","朋友圈吃不了的细糠，小红书也吃不了；综合参考；收藏；拍摄；小红书；摄影参考；人像摄影；拍摄姿势；moodboard","从 Obsidian 表格抽取；建议复核原链接后补充作品截图、视频链接和授权备注。","待复核","中"
"00-小红书收藏-拍摄专辑-是闪闪发光的青春呀-50","是闪闪发光的青春呀📷","obsidian_table_row","综合参考","小红书/Obsidian","https://www.xiaohongshu.com/board/69f468d9000000003302dc4c","摄影姿势库/00_小红书收藏_拍摄专辑.md","","收藏；拍摄；小红书；摄影参考","青春感","https://www.xiaohongshu.com/board/69f468d9000000003302dc4c","是闪闪发光的青春呀📷 综合参考 收藏 拍摄 小红书 摄影参考；是闪闪发光的青春呀📷 摄影参考；综合参考 人像拍摄；收藏 拍摄 小红书 pose reference","通用人像场景","单人女生/普通客片","中等","常规沟通和审美匹配风险","发布表达","99-399","中","适合作为检索补充或局部灵感。","platform-link-only","medium-shot","static","saliency-focus","inspiration","是闪闪发光的青春呀📷 - 综合参考摄影参考","是闪闪发光的青春呀📷；综合参考；收藏；拍摄；小红书；摄影参考；人像摄影；拍摄姿势；moodboard","从 Obsidian 表格抽取；建议复核原链接后补充作品截图、视频链接和授权备注。","待复核","中"
"00-小红书收藏-拍摄专辑-这个能拍吗-拍摄过程思路分享-51","这个能拍吗⁉️拍摄过程思路分享","obsidian_table_row","综合参考","小红书/Obsidian","https://www.xiaohongshu.com/board/69f468d9000000003302dc4c","摄影姿势库/00_小红书收藏_拍摄专辑.md","","收藏；拍摄；小红书；摄影参考","创作思路","https://www.xiaohongshu.com/board/69f468d9000000003302dc4c","这个能拍吗⁉️拍摄过程思路分享 综合参考 收藏 拍摄 小红书 摄影参考；这个能拍吗⁉️拍摄过程思路分享 摄影参考；综合参考 人像拍摄；收藏 拍摄 小红书 pose reference","通用人像场景","单人女生/普通客片","中等","常规沟通和审美匹配风险","发布表达","99-399","中","适合作为检索补充或局部灵感。","platform-link-only","medium-shot","static","saliency-focus","inspiration","这个能拍吗⁉️拍摄过程思路分享 - 综合参考摄影参考","这个能拍吗⁉️拍摄过程思路分享；综合参考；收藏；拍摄；小红书；摄影参考；人像摄影；拍摄姿势；moodboard","从 Obsidian 表格抽取；建议复核原链接后补充作品截图、视频链接和授权备注。","待复核","中"
"00-小红书收藏-拍摄专辑-拍了30多场校园写真-我复盘出11条翻车真相-52","拍了30多场校园写真，我复盘出11条翻车真相","obsidian_table_row","综合参考","小红书/Obsidian","https://www.xiaohongshu.com/board/69f468d9000000003302dc4c","摄影姿势库/00_小红书收藏_拍摄专辑.md","","收藏；拍摄；小红书；摄影参考","复盘/经验","https://www.xiaohongshu.com/board/69f468d9000000003302dc4c","拍了30多场校园写真，我复盘出11条翻车真相 综合参考 收藏 拍摄 小红书 摄影参考；拍了30多场校园写真，我复盘出11条翻车真相 摄影参考；综合参考 人像拍摄；收藏 拍摄 小红书 pose reference","通用人像场景","单人女生/普通客片","中等","常规沟通和审美匹配风险","发布表达","99-399","中","适合作为检索补充或局部灵感。","platform-link-only","medium-shot","static","saliency-focus","review","拍了30多场校园写真，我复盘出11条翻车真相 - 综合参考摄影参考","拍了30多场校园写真，我复盘出11条翻车真相；综合参考；收藏；拍摄；小红书；摄影参考；人像摄影；拍摄姿势；moodboard","从 Obsidian 表格抽取；建议复核原链接后补充作品截图、视频链接和授权备注。","待复核","中"
"00-小红书收藏-拍摄专辑-朋友说我拍的特写有氛围感-但大景有种神性-53","朋友说我拍的特写有氛围感📷但大景有种神性","obsidian_table_row","综合参考","小红书/Obsidian","https://www.xiaohongshu.com/board/69f468d9000000003302dc4c","摄影姿势库/00_小红书收藏_拍摄专辑.md","","收藏；拍摄；小红书；摄影参考","神性","https://www.xiaohongshu.com/board/69f468d9000000003302dc4c","朋友说我拍的特写有氛围感📷但大景有种神性 综合参考 收藏 拍摄 小红书 摄影参考；朋友说我拍的特写有氛围感📷但大景有种神性 摄影参考；综合参考 人像拍摄；收藏 拍摄 小红书 pose reference","通用人像场景","单人女生/普通客片","中等","常规沟通和审美匹配风险","发布表达","99-399","中","适合作为检索补充或局部灵感。","platform-link-only","close-up","static","saliency-focus","inspiration","朋友说我拍的特写有氛围感📷但大景有种神性 - 综合参考摄影参考","朋友说我拍的特写有氛围感📷但大景有种神性；综合参考；收藏；拍摄；小红书；摄影参考；人像摄影；拍摄姿势；moodboard","从 Obsidian 表格抽取；建议复核原链接后补充作品截图、视频链接和授权备注。","待复核","中"
"00-小红书收藏-拍摄专辑-拍成这样可以收1-9-9-吗-54","拍成这样可以收1️⃣9️⃣9️⃣吗？","obsidian_table_row","综合参考","小红书/Obsidian","https://www.xiaohongshu.com/board/69f468d9000000003302dc4c","摄影姿势库/00_小红书收藏_拍摄专辑.md","","收藏；拍摄；小红书；摄影参考","定价/商业","https://www.xiaohongshu.com/board/69f468d9000000003302dc4c","拍成这样可以收1️⃣9️⃣9️⃣吗？ 综合参考 收藏 拍摄 小红书 摄影参考；拍成这样可以收1️⃣9️⃣9️⃣吗？ 摄影参考；综合参考 人像拍摄；收藏 拍摄 小红书 pose reference","通用人像场景","商业客户","中等","常规沟通和审美匹配风险","发布表达","699+/商业单","中","适合作为检索补充或局部灵感。","platform-link-only","medium-shot","static","saliency-focus","inspiration","拍成这样可以收1️⃣9️⃣9️⃣吗？ - 综合参考摄影参考","拍成这样可以收1️⃣9️⃣9️⃣吗？；综合参考；收藏；拍摄；小红书；摄影参考；人像摄影；拍摄姿势；moodboard","从 Obsidian 表格抽取；建议复核原链接后补充作品截图、视频链接和授权备注。","待复核","中"
"00-小红书收藏-拍摄专辑-三亚-不倒闭我会一直去的店-纯分享-55","三亚！不倒闭我会一直去的店！！（纯分享）","obsidian_table_row","综合参考","小红书/Obsidian","https://www.xiaohongshu.com/board/69f468d9000000003302dc4c","摄影姿势库/00_小红书收藏_拍摄专辑.md","","收藏；拍摄；小红书；摄影参考","场地推荐","https://www.xiaohongshu.com/board/69f468d9000000003302dc4c","三亚！不倒闭我会一直去的店！！（纯分享） 综合参考 收藏 拍摄 小红书 摄影参考；三亚！不倒闭我会一直去的店！！（纯分享） 摄影参考；综合参考 人像拍摄；收藏 拍摄 小红书 pose reference","通用人像场景","单人女生/普通客片","中等","需要场地许可或低打扰拍摄","发布表达","99-399","中","适合作为检索补充或局部灵感。","platform-link-only","medium-shot","static","saliency-focus","inspiration","三亚！不倒闭我会一直去的店！！（纯分享） - 综合参考摄影参考","三亚！不倒闭我会一直去的店！！（纯分享）；综合参考；收藏；拍摄；小红书；摄影参考；人像摄影；拍摄姿势；moodboard","从 Obsidian 表格抽取；建议复核原链接后补充作品截图、视频链接和授权备注。","待复核","中"
"doc-摄影姿势库-00-小红书收藏-视频拍摄专辑-md","小红书收藏 - 视频拍摄专辑","obsidian_note","视频拍摄","小红书/Obsidian","https://www.xiaohongshu.com/board/69f81fad000000003302c5b4","摄影姿势库/00_小红书收藏_视频拍摄专辑.md","","收藏；视频拍摄；小红书；拍摄；电影感；空镜；vlog","小红书收藏 视频拍摄专辑 来源：RoKing📷 的小红书收藏夹 视频拍摄专辑 共 4 个收藏 🎬 拍摄技巧 标题 类型 网球大片怎么拍？ 运动拍摄 终于轮到我拍这个毕业转场啦🎓 转场/毕业 vlog没有电影感？90%新手缺这3个细节 电影感 别再乱拍空镜，这才是电影感正确拍法！ 空镜/电影感 📚 精选收藏 1. vlog没有电影感？90%新手缺这3个","https://www.xiaohongshu.com/board/69f81fad000000003302c5b4","小红书收藏 - 视频拍摄专辑 视频拍摄 收藏 视频拍摄 小红书 拍摄 电影感 空镜 vlog；小红书收藏 - 视频拍摄专辑 摄影参考；视频拍摄 人像拍摄；收藏 视频拍摄 小红书 pose reference","校园/毕业季","毕业生/学生","中等","需要控光或合适时段；需要运动镜头和剪辑配合","发布表达","399-699","高","可直接转化为拍摄选题、姿势引导或成片风格参考。","platform-link-only","extreme-wide-shot","travelling-in","saliency-focus","publishing","小红书收藏 - 视频拍摄专辑 - 视频拍摄摄影参考","小红书收藏 - 视频拍摄专辑；视频拍摄；收藏；小红书；拍摄；电影感；空镜；vlog；摄影参考；人像摄影；拍摄姿势；moodboard","从 Obsidian 笔记抽取，可作为拍摄方案和参考检索的源材料。","待复核链接","中"
"00-小红书收藏-视频拍摄专辑-网球大片怎么拍-1","网球大片怎么拍？","obsidian_table_row","视频拍摄","小红书/Obsidian","https://www.xiaohongshu.com/board/69f81fad000000003302c5b4","摄影姿势库/00_小红书收藏_视频拍摄专辑.md","","收藏；视频拍摄；小红书；拍摄","运动拍摄","https://www.xiaohongshu.com/board/69f81fad000000003302c5b4","网球大片怎么拍？ 视频拍摄 收藏 视频拍摄 小红书 拍摄；网球大片怎么拍？ 摄影参考；视频拍摄 人像拍摄；收藏 视频拍摄 小红书 pose reference","通用人像场景","视频创作者","中等","需要运动镜头和剪辑配合","发布表达","399-699","高","可直接转化为拍摄选题、姿势引导或成片风格参考。","platform-link-only","medium-shot","travelling-in","saliency-focus","inspiration","网球大片怎么拍？ - 视频拍摄摄影参考","网球大片怎么拍？；视频拍摄；收藏；小红书；拍摄；摄影参考；人像摄影；拍摄姿势；moodboard","从 Obsidian 表格抽取；建议复核原链接后补充作品截图、视频链接和授权备注。","待复核","中"
"00-小红书收藏-视频拍摄专辑-终于轮到我拍这个毕业转场啦-2","终于轮到我拍这个毕业转场啦🎓","obsidian_table_row","视频拍摄","小红书/Obsidian","https://www.xiaohongshu.com/board/69f81fad000000003302c5b4","摄影姿势库/00_小红书收藏_视频拍摄专辑.md","","收藏；视频拍摄；小红书；拍摄","转场/毕业","https://www.xiaohongshu.com/board/69f81fad000000003302c5b4","终于轮到我拍这个毕业转场啦🎓 视频拍摄 收藏 视频拍摄 小红书 拍摄；终于轮到我拍这个毕业转场啦🎓 摄影参考；视频拍摄 人像拍摄；收藏 视频拍摄 小红书 pose reference","校园/毕业季","毕业生/学生","中等","需要运动镜头和剪辑配合","发布表达","399-699","高","可直接转化为拍摄选题、姿势引导或成片风格参考。","platform-link-only","medium-shot","travelling-in","saliency-focus","inspiration","终于轮到我拍这个毕业转场啦🎓 - 视频拍摄摄影参考","终于轮到我拍这个毕业转场啦🎓；视频拍摄；收藏；小红书；拍摄；摄影参考；人像摄影；拍摄姿势；moodboard","从 Obsidian 表格抽取；建议复核原链接后补充作品截图、视频链接和授权备注。","待复核","中"
"00-小红书收藏-视频拍摄专辑-vlog没有电影感-90-新手缺这3个细节-3","vlog没有电影感？90%新手缺这3个细节","obsidian_table_row","视频拍摄","小红书/Obsidian","https://www.xiaohongshu.com/board/69f81fad000000003302c5b4","摄影姿势库/00_小红书收藏_视频拍摄专辑.md","","收藏；视频拍摄；小红书；拍摄；电影感；vlog","电影感","https://www.xiaohongshu.com/board/69f81fad000000003302c5b4","vlog没有电影感？90%新手缺这3个细节 视频拍摄 收藏 视频拍摄 小红书 拍摄 电影感 vlog；vlog没有电影感？90%新手缺这3个细节 摄影参考；视频拍摄 人像拍摄；收藏 视频拍摄 小红书 pose reference","通用人像场景","视频创作者","中等","需要控光或合适时段；需要运动镜头和剪辑配合","发布表达","399-699","高","可直接转化为拍摄选题、姿势引导或成片风格参考。","platform-link-only","medium-shot","travelling-in","saliency-focus","inspiration","vlog没有电影感？90%新手缺这3个细节 - 视频拍摄摄影参考","vlog没有电影感？90%新手缺这3个细节；视频拍摄；收藏；小红书；拍摄；电影感；vlog；摄影参考；人像摄影；拍摄姿势；moodboard","从 Obsidian 表格抽取；建议复核原链接后补充作品截图、视频链接和授权备注。","待复核","高"
"00-小红书收藏-视频拍摄专辑-别再乱拍空镜-这才是电影感正确拍法-4","别再乱拍空镜，这才是电影感正确拍法！","obsidian_table_row","视频拍摄","小红书/Obsidian","https://www.xiaohongshu.com/board/69f81fad000000003302c5b4","摄影姿势库/00_小红书收藏_视频拍摄专辑.md","","收藏；视频拍摄；小红书；拍摄；电影感；空镜","空镜/电影感","https://www.xiaohongshu.com/board/69f81fad000000003302c5b4","别再乱拍空镜，这才是电影感正确拍法！ 视频拍摄 收藏 视频拍摄 小红书 拍摄 电影感 空镜；别再乱拍空镜，这才是电影感正确拍法！ 摄影参考；视频拍摄 人像拍摄；收藏 视频拍摄 小红书 pose reference","街道/室内/环境空镜","视频创作者","中等","需要控光或合适时段；需要运动镜头和剪辑配合","发布表达","399-699","高","可直接转化为拍摄选题、姿势引导或成片风格参考。","platform-link-only","extreme-wide-shot","static","saliency-focus","inspiration","别再乱拍空镜，这才是电影感正确拍法！ - 视频拍摄摄影参考","别再乱拍空镜，这才是电影感正确拍法！；视频拍摄；收藏；小红书；拍摄；电影感；空镜；摄影参考；人像摄影；拍摄姿势；moodboard","从 Obsidian 表格抽取；建议复核原链接后补充作品截图、视频链接和授权备注。","待复核","高"
"doc-摄影姿势库-00-小红书收藏-设计专辑-md","小红书收藏 - 设计专辑","obsidian_note","姿势/引导","小红书/Obsidian","https://www.xiaohongshu.com/board/69fca2af000000003400e8ff","摄影姿势库/00_小红书收藏_设计专辑.md","","收藏；设计；小红书；UI设计；配色","小红书收藏 设计专辑 来源：RoKing📷 的小红书收藏夹 设计专辑 共 9 个收藏 🎨 配色类 标题 类型 一套很有层次的配色方案 配色 🌟配色美学｜被这组蓝硬控了💙 配色 深紫与金：配色美学的高级表达💜 配色 华为设计师都在用的渐变配色分享 渐变配色 🛠️ 工具/技能类 标题 类型 7 个 vibecoder 都应该知道的网站 工具 赶紧用A","https://www.xiaohongshu.com/board/69fca2af000000003400e8ff","小红书收藏 - 设计专辑 姿势/引导 收藏 设计 小红书 UI设计 配色；小红书收藏 - 设计专辑 摄影参考；姿势/引导 人像拍摄；收藏 设计 小红书 pose reference","通用人像场景","单人女生/普通客片","容易","常规沟通和审美匹配风险","姿势引导；发布表达","199-399","高","可直接转化为拍摄选题、姿势引导或成片风格参考。","platform-link-only","long-shot","static","foreground-background-layering","publishing","小红书收藏 - 设计专辑 - 姿势/引导摄影参考","小红书收藏 - 设计专辑；姿势/引导；收藏；设计；小红书；UI设计；配色；摄影参考；人像摄影；拍摄姿势；moodboard","从 Obsidian 笔记抽取，可作为拍摄方案和参考检索的源材料。","待复核链接","中"
"00-小红书收藏-设计专辑-一套很有层次的配色方案-1","一套很有层次的配色方案","obsidian_table_row","综合参考","小红书/Obsidian","https://www.xiaohongshu.com/board/69fca2af000000003400e8ff","摄影姿势库/00_小红书收藏_设计专辑.md","","收藏；设计；小红书；UI设计；配色","配色","https://www.xiaohongshu.com/board/69fca2af000000003400e8ff","一套很有层次的配色方案 综合参考 收藏 设计 小红书 UI设计 配色；一套很有层次的配色方案 摄影参考；综合参考 人像拍摄；收藏 设计 小红书 pose reference","通用人像场景","单人女生/普通客片","中等","常规沟通和审美匹配风险","发布表达","99-399","中","适合作为检索补充或局部灵感。","platform-link-only","medium-shot","static","foreground-background-layering","inspiration","一套很有层次的配色方案 - 综合参考摄影参考","一套很有层次的配色方案；综合参考；收藏；设计；小红书；UI设计；配色；摄影参考；人像摄影；拍摄姿势；moodboard","从 Obsidian 表格抽取；建议复核原链接后补充作品截图、视频链接和授权备注。","待复核","中"
"00-小红书收藏-设计专辑-配色美学-被这组蓝硬控了-2","🌟配色美学｜被这组蓝硬控了💙","obsidian_table_row","综合参考","小红书/Obsidian","https://www.xiaohongshu.com/board/69fca2af000000003400e8ff","摄影姿势库/00_小红书收藏_设计专辑.md","","收藏；设计；小红书；UI设计；配色","配色","https://www.xiaohongshu.com/board/69fca2af000000003400e8ff","🌟配色美学｜被这组蓝硬控了💙 综合参考 收藏 设计 小红书 UI设计 配色；🌟配色美学｜被这组蓝硬控了💙 摄影参考；综合参考 人像拍摄；收藏 设计 小红书 pose reference","通用人像场景","单人女生/普通客片","中等","常规沟通和审美匹配风险","发布表达","99-399","中","适合作为检索补充或局部灵感。","platform-link-only","medium-shot","static","saliency-focus","inspiration","🌟配色美学｜被这组蓝硬控了💙 - 综合参考摄影参考","🌟配色美学｜被这组蓝硬控了💙；综合参考；收藏；设计；小红书；UI设计；配色；摄影参考；人像摄影；拍摄姿势；moodboard","从 Obsidian 表格抽取；建议复核原链接后补充作品截图、视频链接和授权备注。","待复核","中"
"00-小红书收藏-设计专辑-深紫与金-配色美学的高级表达-3","深紫与金：配色美学的高级表达💜","obsidian_table_row","综合参考","小红书/Obsidian","https://www.xiaohongshu.com/board/69fca2af000000003400e8ff","摄影姿势库/00_小红书收藏_设计专辑.md","","收藏；设计；小红书；UI设计；配色","配色","https://www.xiaohongshu.com/board/69fca2af000000003400e8ff","深紫与金：配色美学的高级表达💜 综合参考 收藏 设计 小红书 UI设计 配色；深紫与金：配色美学的高级表达💜 摄影参考；综合参考 人像拍摄；收藏 设计 小红书 pose reference","通用人像场景","单人女生/普通客片","中等","常规沟通和审美匹配风险","发布表达","99-399","中","适合作为检索补充或局部灵感。","platform-link-only","medium-shot","static","saliency-focus","inspiration","深紫与金：配色美学的高级表达💜 - 综合参考摄影参考","深紫与金：配色美学的高级表达💜；综合参考；收藏；设计；小红书；UI设计；配色；摄影参考；人像摄影；拍摄姿势；moodboard","从 Obsidian 表格抽取；建议复核原链接后补充作品截图、视频链接和授权备注。","待复核","中"
"00-小红书收藏-设计专辑-华为设计师都在用的渐变配色分享-4","华为设计师都在用的渐变配色分享","obsidian_table_row","综合参考","小红书/Obsidian","https://www.xiaohongshu.com/board/69fca2af000000003400e8ff","摄影姿势库/00_小红书收藏_设计专辑.md","","收藏；设计；小红书；UI设计；配色","渐变配色","https://www.xiaohongshu.com/board/69fca2af000000003400e8ff","华为设计师都在用的渐变配色分享 综合参考 收藏 设计 小红书 UI设计 配色；华为设计师都在用的渐变配色分享 摄影参考；综合参考 人像拍摄；收藏 设计 小红书 pose reference","通用人像场景","单人女生/普通客片","中等","常规沟通和审美匹配风险","发布表达","99-399","中","适合作为检索补充或局部灵感。","platform-link-only","medium-shot","static","saliency-focus","inspiration","华为设计师都在用的渐变配色分享 - 综合参考摄影参考","华为设计师都在用的渐变配色分享；综合参考；收藏；设计；小红书；UI设计；配色；摄影参考；人像摄影；拍摄姿势；moodboard","从 Obsidian 表格抽取；建议复核原链接后补充作品截图、视频链接和授权备注。","待复核","中"
"00-小红书收藏-设计专辑-7-个-vibecoder-都应该知道的网站-5","7 个 vibecoder 都应该知道的网站","obsidian_table_row","姿势/引导","小红书/Obsidian","https://www.xiaohongshu.com/board/69fca2af000000003400e8ff","摄影姿势库/00_小红书收藏_设计专辑.md","","收藏；设计；小红书；UI设计；配色","工具","https://www.xiaohongshu.com/board/69fca2af000000003400e8ff","7 个 vibecoder 都应该知道的网站 姿势/引导 收藏 设计 小红书 UI设计 配色；7 个 vibecoder 都应该知道的网站 摄影参考；姿势/引导 人像拍摄；收藏 设计 小红书 pose reference","通用人像场景","单人女生/普通客片","容易","常规沟通和审美匹配风险","姿势引导；发布表达","199-399","中","适合作为检索补充或局部灵感。","platform-link-only","long-shot","static","saliency-focus","shot-planning","7 个 vibecoder 都应该知道的网站 - 姿势/引导摄影参考","7 个 vibecoder 都应该知道的网站；姿势/引导；收藏；设计；小红书；UI设计；配色；摄影参考；人像摄影；拍摄姿势；moodboard","从 Obsidian 表格抽取；建议复核原链接后补充作品截图、视频链接和授权备注。","待复核","中"
"00-小红书收藏-设计专辑-赶紧用agenui做出你的第一个小猫补光灯-6","赶紧用AGenUI做出你的第一个小猫补光灯","obsidian_table_row","综合参考","小红书/Obsidian","https://www.xiaohongshu.com/board/69fca2af000000003400e8ff","摄影姿势库/00_小红书收藏_设计专辑.md","","收藏；设计；小红书；UI设计；配色","工具","https://www.xiaohongshu.com/board/69fca2af000000003400e8ff","赶紧用AGenUI做出你的第一个小猫补光灯 综合参考 收藏 设计 小红书 UI设计 配色；赶紧用AGenUI做出你的第一个小猫补光灯 摄影参考；综合参考 人像拍摄；收藏 设计 小红书 pose reference","通用人像场景","单人女生/普通客片","中等","常规沟通和审美匹配风险","发布表达","99-399","中","适合作为检索补充或局部灵感。","platform-link-only","medium-shot","static","saliency-focus","inspiration","赶紧用AGenUI做出你的第一个小猫补光灯 - 综合参考摄影参考","赶紧用AGenUI做出你的第一个小猫补光灯；综合参考；收藏；设计；小红书；UI设计；配色；摄影参考；人像摄影；拍摄姿势；moodboard","从 Obsidian 表格抽取；建议复核原链接后补充作品截图、视频链接和授权备注。","待复核","中"
"00-小红书收藏-设计专辑-故事板skill-mmhub一句出片-无需提示词-7","故事板Skill！MMhub一句出片，无需提示词！","obsidian_table_row","综合参考","小红书/Obsidian","https://www.xiaohongshu.com/board/69fca2af000000003400e8ff","摄影姿势库/00_小红书收藏_设计专辑.md","","收藏；设计；小红书；UI设计；配色","AI工具","https://www.xiaohongshu.com/board/69fca2af000000003400e8ff","故事板Skill！MMhub一句出片，无需提示词！ 综合参考 收藏 设计 小红书 UI设计 配色；故事板Skill！MMhub一句出片，无需提示词！ 摄影参考；综合参考 人像拍摄；收藏 设计 小红书 pose reference","通用人像场景","单人女生/普通客片","中等","常规沟通和审美匹配风险","发布表达","99-399","中","适合作为检索补充或局部灵感。","platform-link-only","medium-shot","static","saliency-focus","inspiration","故事板Skill！MMhub一句出片，无需提示词！ - 综合参考摄影参考","故事板Skill！MMhub一句出片，无需提示词！；综合参考；收藏；设计；小红书；UI设计；配色；摄影参考；人像摄影；拍摄姿势；moodboard","从 Obsidian 表格抽取；建议复核原链接后补充作品截图、视频链接和授权备注。","待复核","中"
"00-小红书收藏-设计专辑-vibecoding必装的6个设计类claude-skills-8","Vibecoding必装的6个设计类Claude skills","obsidian_table_row","综合参考","小红书/Obsidian","https://www.xiaohongshu.com/board/69fca2af000000003400e8ff","摄影姿势库/00_小红书收藏_设计专辑.md","","收藏；设计；小红书；UI设计；配色","AI工具","https://www.xiaohongshu.com/board/69fca2af000000003400e8ff","Vibecoding必装的6个设计类Claude skills 综合参考 收藏 设计 小红书 UI设计 配色；Vibecoding必装的6个设计类Claude skills 摄影参考；综合参考 人像拍摄；收藏 设计 小红书 pose reference","通用人像场景","单人女生/普通客片","中等","常规沟通和审美匹配风险","发布表达","99-399","中","适合作为检索补充或局部灵感。","platform-link-only","medium-shot","static","saliency-focus","inspiration","Vibecoding必装的6个设计类Claude skills - 综合参考摄影参考","Vibecoding必装的6个设计类Claude skills；综合参考；收藏；设计；小红书；UI设计；配色；摄影参考；人像摄影；拍摄姿势；moodboard","从 Obsidian 表格抽取；建议复核原链接后补充作品截图、视频链接和授权备注。","待复核","中"
"00-小红书收藏-设计专辑-基础干货-让ui界面更高级的小技巧15-9","🔥基础干货｜让UI界面更高级的小技巧15","obsidian_table_row","构图/技巧","小红书/Obsidian","https://www.xiaohongshu.com/board/69fca2af000000003400e8ff","摄影姿势库/00_小红书收藏_设计专辑.md","","收藏；设计；小红书；UI设计；配色","UI设计","https://www.xiaohongshu.com/board/69fca2af000000003400e8ff","🔥基础干货｜让UI界面更高级的小技巧15 构图/技巧 收藏 设计 小红书 UI设计 配色；🔥基础干货｜让UI界面更高级的小技巧15 摄影参考；构图/技巧 人像拍摄；收藏 设计 小红书 pose reference","通用人像场景","单人女生/普通客片","中等","常规沟通和审美匹配风险","构图镜头；发布表达","99-399","高","可直接转化为拍摄选题、姿势引导或成片风格参考。","platform-link-only","medium-shot","static","saliency-focus","shot-planning","🔥基础干货｜让UI界面更高级的小技巧15 - 构图/技巧摄影参考","🔥基础干货｜让UI界面更高级的小技巧15；构图/技巧；收藏；设计；小红书；UI设计；配色；摄影参考；人像摄影；拍摄姿势；moodboard","从 Obsidian 表格抽取；建议复核原链接后补充作品截图、视频链接和授权备注。","待复核","中"
"doc-摄影姿势库-00-小红书收藏-调色专辑-md","小红书收藏 - 调色专辑","obsidian_note","调色/后期","小红书/Obsidian","https://www.xiaohongshu.com/board/6a0452c50000000032021c94","摄影姿势库/00_小红书收藏_调色专辑.md","","收藏；调色；小红书；摄影","小红书收藏 调色专辑 来源：RoKing📷 的小红书收藏夹 调色专辑 共 1 个收藏 🎨 调色教程 标题 类型 私藏干货！日系漫画调色参数分享✨ 日系/漫画风 精选 日系漫画调色参数分享 — 适合二次元/漫画风后期参考 更新记录 2026 05 24：整理调色专辑，共1个收藏","https://www.xiaohongshu.com/board/6a0452c50000000032021c94","小红书收藏 - 调色专辑 调色/后期 收藏 调色 小红书 摄影；小红书收藏 - 调色专辑 摄影参考；调色/后期 人像拍摄；收藏 调色 小红书 pose reference","通用人像场景","单人女生/普通客片","中等","常规沟通和审美匹配风险","色彩后期；发布表达","99-399","高","可直接转化为拍摄选题、姿势引导或成片风格参考。","platform-link-only","medium-shot","static","saliency-focus","publishing","小红书收藏 - 调色专辑 - 调色/后期摄影参考","小红书收藏 - 调色专辑；调色/后期；收藏；调色；小红书；摄影；摄影参考；人像摄影；拍摄姿势；moodboard","从 Obsidian 笔记抽取，可作为拍摄方案和参考检索的源材料。","待复核链接","中"
"00-小红书收藏-调色专辑-私藏干货-日系漫画调色参数分享-1","私藏干货！日系漫画调色参数分享✨","obsidian_table_row","调色/后期","小红书/Obsidian","https://www.xiaohongshu.com/board/6a0452c50000000032021c94","摄影姿势库/00_小红书收藏_调色专辑.md","","收藏；调色；小红书；摄影","日系/漫画风","https://www.xiaohongshu.com/board/6a0452c50000000032021c94","私藏干货！日系漫画调色参数分享✨ 调色/后期 收藏 调色 小红书 摄影；私藏干货！日系漫画调色参数分享✨ 摄影参考；调色/后期 人像拍摄；收藏 调色 小红书 pose reference","通用人像场景","单人女生/普通客片","中等","常规沟通和审美匹配风险","色彩后期；发布表达","99-399","高","可直接转化为拍摄选题、姿势引导或成片风格参考。","platform-link-only","medium-shot","static","saliency-focus","color-grading","私藏干货！日系漫画调色参数分享✨ - 调色/后期摄影参考","私藏干货！日系漫画调色参数分享✨；调色/后期；收藏；调色；小红书；摄影；摄影参考；人像摄影；拍摄姿势；moodboard","从 Obsidian 表格抽取；建议复核原链接后补充作品截图、视频链接和授权备注。","待复核","中"
"doc-摄影姿势库-姿势示意图-readme-真实参考-md","README_真实参考","obsidian_note","姿势/引导","Obsidian","https://www.pexels.com/photo/woman-leaning-on-wall-2218614/","摄影姿势库/姿势示意图/README_真实参考.md","","","姿势示意图库 · 真实参考版 真实摄影师作品，来自 Pexels.com（免费商用） 用途：拍摄时对照参考，快速引导模特 站姿类 1. 靠墙站 动作： 侧身靠墙，一只手插兜或自然下垂 引导： ""背靠墙，肩膀放松往下沉，头低点一点，眼神放空，像在想事情"" 来源： Pexels https://www.pexels.com/photo/woman leaning","https://www.pexels.com/photo/woman-leaning-on-wall-2218614/；https://www.pexels.com/photo/close-up-photo-of-a-beautiful-woman-standing-near-street-13631460/；https://www.pexels.com/photo/lens-flares-on-portrait-of-woman-by-river-9584793/；https://www.pexels.com/photo/pretty-girl-smiling-on-the-street-17898393/；https://www.pexels.com/photo/portrait-of-a-woman-sitting-on-steps-15921524/；https://www.pexels.com/photo/young-woman-in-sunlight-on-urban-steps-33521738/","README_真实参考 姿势/引导；README_真实参考 摄影参考；姿势/引导 人像拍摄； pose reference","通用人像场景","单人女生/普通客片","容易","常规沟通和审美匹配风险","姿势引导；构图镜头；光线氛围","199-399","中","适合作为检索补充或局部灵感。","public-domain","close-up","static","saliency-focus","shot-planning","README_真实参考 - 姿势/引导摄影参考","README_真实参考；姿势/引导；摄影参考；人像摄影；拍摄姿势；moodboard","从 Obsidian 笔记抽取，可作为拍摄方案和参考检索的源材料。","待复核链接","中"
"doc-摄影姿势库-小红书笔记-00-笔记索引-md","00_笔记索引","obsidian_note","国风/汉服","小红书/Obsidian","https://www.xiaohongshu.com/board/69f468d9000000003302dc4c","摄影姿势库/小红书笔记/00_笔记索引.md","","生命力；海边；新中式；花海；旗袍；构图；光影；胶片；草地；春日；夏天；稳定器","拍摄专辑 小红书笔记索引 笔记总数：50篇 抓取时间：2026 05 24 来源：https://www.xiaohongshu.com/board/69f468d9000000003302dc4c 笔记列表 笔记ID 标题 作者 1 6a100805 生命力和漂亮我都要！🌸 赵小糯（常驻大理） 2 5c99c27c 赵小糯（常驻大理） 3 6a058cb","https://www.xiaohongshu.com/board/69f468d9000000003302dc4c","00_笔记索引 国风/汉服 生命力 海边 新中式 花海 旗袍 构图 光影 胶片 草地 春日 夏天 稳定器；00_笔记索引 摄影参考；国风/汉服 人像拍摄；生命力 海边 新中式 pose reference","海边/沙滩","毕业生/学生","中等","天气和光线不稳定；需要控光或合适时段；妆造/服装/道具影响很大；需要运动镜头和剪辑配合；需要场地许可或低打扰拍摄","姿势引导；构图镜头；色彩后期；光线氛围；发布表达","399-699","高","可直接转化为拍摄选题、姿势引导或成片风格参考。","platform-link-only","close-up","travelling-in","saliency-focus","publishing","00_笔记索引 - 国风/汉服摄影参考","00_笔记索引；国风/汉服；生命力；海边；新中式；花海；旗袍；构图；光影；胶片；草地；春日","从 Obsidian 笔记抽取，可作为拍摄方案和参考检索的源材料。","待复核链接","高"
"00-笔记索引-生命力和漂亮我都要-1","生命力和漂亮我都要！🌸","obsidian_table_row","综合参考","小红书/Obsidian","https://www.xiaohongshu.com/explore/6a100805","摄影姿势库/小红书笔记/00_笔记索引.md","赵小糯（常驻大理）","生命力","1 / 6a100805 / 生命力和漂亮我都要！🌸 / 赵小糯（常驻大理）","https://www.xiaohongshu.com/explore/6a100805","生命力和漂亮我都要！🌸 综合参考 生命力；生命力和漂亮我都要！🌸 摄影参考；综合参考 人像拍摄；生命力 pose reference","通用人像场景","单人女生/普通客片","中等","常规沟通和审美匹配风险","综合参考","99-399","高","可直接转化为拍摄选题、姿势引导或成片风格参考。","platform-link-only","medium-shot","static","saliency-focus","inspiration","生命力和漂亮我都要！🌸 - 综合参考摄影参考","生命力和漂亮我都要！🌸；综合参考；生命力；摄影参考；人像摄影；拍摄姿势；moodboard","从 Obsidian 表格抽取；建议复核原链接后补充作品截图、视频链接和授权备注。","待复核","高"
"00-笔记索引-赵小糯-常驻大理-2","赵小糯（常驻大理）","obsidian_table_row","综合参考","小红书/Obsidian","https://www.xiaohongshu.com/explore/5c99c27c","摄影姿势库/小红书笔记/00_笔记索引.md","-","","2 / 5c99c27c / 赵小糯（常驻大理） / -","https://www.xiaohongshu.com/explore/5c99c27c","赵小糯（常驻大理） 综合参考；赵小糯（常驻大理） 摄影参考；综合参考 人像拍摄； pose reference","通用人像场景","单人女生/普通客片","中等","常规沟通和审美匹配风险","综合参考","99-399","中","适合作为检索补充或局部灵感。","platform-link-only","medium-shot","static","saliency-focus","inspiration","赵小糯（常驻大理） - 综合参考摄影参考","赵小糯（常驻大理）；综合参考；摄影参考；人像摄影；拍摄姿势；moodboard","从 Obsidian 表格抽取；建议复核原链接后补充作品截图、视频链接和授权备注。","待复核","中"
"00-笔记索引-小雏菊花海九个实用小幅度拍照姿势-3","小雏菊花海九个实用小幅度拍照姿势🌼","obsidian_table_row","姿势/引导","小红书/Obsidian","https://www.xiaohongshu.com/explore/6a058cb8","摄影姿势库/小红书笔记/00_笔记索引.md","-","花海","3 / 6a058cb8 / 小雏菊花海九个实用小幅度拍照姿势🌼 / -","https://www.xiaohongshu.com/explore/6a058cb8","小雏菊花海九个实用小幅度拍照姿势🌼 姿势/引导 花海；小雏菊花海九个实用小幅度拍照姿势🌼 摄影参考；姿势/引导 人像拍摄；花海 pose reference","花海/春夏外景","单人女生/普通客片","容易","天气和光线不稳定","姿势引导","199-399","中","适合作为检索补充或局部灵感。","platform-link-only","medium-shot","static","saliency-focus","shot-planning","小雏菊花海九个实用小幅度拍照姿势🌼 - 姿势/引导摄影参考","小雏菊花海九个实用小幅度拍照姿势🌼；姿势/引导；花海；摄影参考；人像摄影；拍摄姿势；moodboard","从 Obsidian 表格抽取；建议复核原链接后补充作品截图、视频链接和授权备注。","待复核","中"
"00-笔记索引-奶黄包-4","奶黄包📷","obsidian_table_row","综合参考","小红书/Obsidian","https://www.xiaohongshu.com/explore/5d9310d0","摄影姿势库/小红书笔记/00_笔记索引.md","-","","4 / 5d9310d0 / 奶黄包📷 / -","https://www.xiaohongshu.com/explore/5d9310d0","奶黄包📷 综合参考；奶黄包📷 摄影参考；综合参考 人像拍摄； pose reference","通用人像场景","单人女生/普通客片","中等","常规沟通和审美匹配风险","综合参考","99-399","中","适合作为检索补充或局部灵感。","platform-link-only","medium-shot","static","saliency-focus","inspiration","奶黄包📷 - 综合参考摄影参考","奶黄包📷；综合参考；摄影参考；人像摄影；拍摄姿势；moodboard","从 Obsidian 表格抽取；建议复核原链接后补充作品截图、视频链接和授权备注。","待复核","中"
"00-笔记索引-存一些好看的拍照姿势-5","存一些好看的拍照姿势📷","obsidian_table_row","姿势/引导","小红书/Obsidian","https://www.xiaohongshu.com/explore/6a0eaad3","摄影姿势库/小红书笔记/00_笔记索引.md","-","","5 / 6a0eaad3 / 存一些好看的拍照姿势📷 / -","https://www.xiaohongshu.com/explore/6a0eaad3","存一些好看的拍照姿势📷 姿势/引导；存一些好看的拍照姿势📷 摄影参考；姿势/引导 人像拍摄； pose reference","通用人像场景","单人女生/普通客片","容易","常规沟通和审美匹配风险","姿势引导","199-399","中","适合作为检索补充或局部灵感。","platform-link-only","medium-shot","static","saliency-focus","shot-planning","存一些好看的拍照姿势📷 - 姿势/引导摄影参考","存一些好看的拍照姿势📷；姿势/引导；摄影参考；人像摄影；拍摄姿势；moodboard","从 Obsidian 表格抽取；建议复核原链接后补充作品截图、视频链接和授权备注。","待复核","中"
"00-笔记索引-存一些动漫感出片构图素材-6","存一些动漫感出片构图素材～","obsidian_table_row","构图/技巧","小红书/Obsidian","https://www.xiaohongshu.com/explore/6a0da37d","摄影姿势库/小红书笔记/00_笔记索引.md","-","构图","6 / 6a0da37d / 存一些动漫感出片构图素材～ / -","https://www.xiaohongshu.com/explore/6a0da37d","存一些动漫感出片构图素材～ 构图/技巧 构图；存一些动漫感出片构图素材～ 摄影参考；构图/技巧 人像拍摄；构图 pose reference","通用人像场景","单人女生/普通客片","中等","常规沟通和审美匹配风险","构图镜头","99-399","高","可直接转化为拍摄选题、姿势引导或成片风格参考。","platform-link-only","medium-shot","static","saliency-focus","shot-planning","存一些动漫感出片构图素材～ - 构图/技巧摄影参考","存一些动漫感出片构图素材～；构图/技巧；构图；摄影参考；人像摄影；拍摄姿势；moodboard","从 Obsidian 表格抽取；建议复核原链接后补充作品截图、视频链接和授权备注。","待复核","高"
"00-笔记索引-肖奈tshy-7","肖奈Tshy📷","obsidian_table_row","综合参考","小红书/Obsidian","https://www.xiaohongshu.com/explore/6299e72b","摄影姿势库/小红书笔记/00_笔记索引.md","-","","7 / 6299e72b / 肖奈Tshy📷 / -","https://www.xiaohongshu.com/explore/6299e72b","肖奈Tshy📷 综合参考；肖奈Tshy📷 摄影参考；综合参考 人像拍摄； pose reference","通用人像场景","单人女生/普通客片","中等","常规沟通和审美匹配风险","综合参考","99-399","中","适合作为检索补充或局部灵感。","platform-link-only","medium-shot","static","saliency-focus","inspiration","肖奈Tshy📷 - 综合参考摄影参考","肖奈Tshy📷；综合参考；摄影参考；人像摄影；拍摄姿势；moodboard","从 Obsidian 表格抽取；建议复核原链接后补充作品截图、视频链接和授权备注。","待复核","中"
"00-笔记索引-南京-张若昀同款-小众-宪法公园-你值得拥有-8","南京｜张若昀同款 小众 宪法公园 你值得拥有","obsidian_table_row","综合参考","小红书/Obsidian","https://www.xiaohongshu.com/explore/6700e293","摄影姿势库/小红书笔记/00_笔记索引.md","-","","8 / 6700e293 / 南京｜张若昀同款 小众 宪法公园 你值得拥有 / -","https://www.xiaohongshu.com/explore/6700e293","南京｜张若昀同款 小众 宪法公园 你值得拥有 综合参考；南京｜张若昀同款 小众 宪法公园 你值得拥有 摄影参考；综合参考 人像拍摄； pose reference","通用人像场景","单人女生/普通客片","中等","常规沟通和审美匹配风险","综合参考","99-399","中","适合作为检索补充或局部灵感。","platform-link-only","medium-shot","static","saliency-focus","inspiration","南京｜张若昀同款 小众 宪法公园 你值得拥有 - 综合参考摄影参考","南京｜张若昀同款 小众 宪法公园 你值得拥有；综合参考；摄影参考；人像摄影；拍摄姿势；moodboard","从 Obsidian 表格抽取；建议复核原链接后补充作品截图、视频链接和授权备注。","待复核","中"
"00-笔记索引-拾光的十一-9","拾光的十一","obsidian_table_row","综合参考","小红书/Obsidian","https://www.xiaohongshu.com/explore/62f5fb13","摄影姿势库/小红书笔记/00_笔记索引.md","-","","9 / 62f5fb13 / 拾光的十一 / -","https://www.xiaohongshu.com/explore/62f5fb13","拾光的十一 综合参考；拾光的十一 摄影参考；综合参考 人像拍摄； pose reference","通用人像场景","单人女生/普通客片","中等","常规沟通和审美匹配风险","综合参考","99-399","中","适合作为检索补充或局部灵感。","platform-link-only","medium-shot","static","saliency-focus","inspiration","拾光的十一 - 综合参考摄影参考","拾光的十一；综合参考；摄影参考；人像摄影；拍摄姿势；moodboard","从 Obsidian 表格抽取；建议复核原链接后补充作品截图、视频链接和授权备注。","待复核","中"
"00-笔记索引-假装在国外度假丨锦创书城打卡-10","假装在国外度假丨锦创书城打卡📍","obsidian_table_row","综合参考","小红书/Obsidian","https://www.xiaohongshu.com/explore/6832d092","摄影姿势库/小红书笔记/00_笔记索引.md","-","","10 / 6832d092 / 假装在国外度假丨锦创书城打卡📍 / -","https://www.xiaohongshu.com/explore/6832d092","假装在国外度假丨锦创书城打卡📍 综合参考；假装在国外度假丨锦创书城打卡📍 摄影参考；综合参考 人像拍摄； pose reference","通用人像场景","单人女生/普通客片","中等","需要场地许可或低打扰拍摄","综合参考","99-399","中","适合作为检索补充或局部灵感。","platform-link-only","medium-shot","static","saliency-focus","inspiration","假装在国外度假丨锦创书城打卡📍 - 综合参考摄影参考","假装在国外度假丨锦创书城打卡📍；综合参考；摄影参考；人像摄影；拍摄姿势；moodboard","从 Obsidian 表格抽取；建议复核原链接后补充作品截图、视频链接和授权备注。","待复核","中"
"00-笔记索引-闫谨清-热爱摄影-11","闫谨清（热爱摄影）","obsidian_table_row","综合参考","小红书/Obsidian","https://www.xiaohongshu.com/explore/64005ee0","摄影姿势库/小红书笔记/00_笔记索引.md","-","","11 / 64005ee0 / 闫谨清（热爱摄影） / -","https://www.xiaohongshu.com/explore/64005ee0","闫谨清（热爱摄影） 综合参考；闫谨清（热爱摄影） 摄影参考；综合参考 人像拍摄； pose reference","通用人像场景","单人女生/普通客片","中等","常规沟通和审美匹配风险","综合参考","99-399","中","适合作为检索补充或局部灵感。","platform-link-only","medium-shot","static","saliency-focus","inspiration","闫谨清（热爱摄影） - 综合参考摄影参考","闫谨清（热爱摄影）；综合参考；摄影参考；人像摄影；拍摄姿势；moodboard","从 Obsidian 表格抽取；建议复核原链接后补充作品截图、视频链接和授权备注。","待复核","中"
"00-笔记索引-生锈的感情又逢落雨天-12","生锈的感情又逢落雨天。","obsidian_table_row","综合参考","小红书/Obsidian","https://www.xiaohongshu.com/explore/66823629","摄影姿势库/小红书笔记/00_笔记索引.md","-","","12 / 66823629 / 生锈的感情又逢落雨天。 / -","https://www.xiaohongshu.com/explore/66823629","生锈的感情又逢落雨天。 综合参考；生锈的感情又逢落雨天。 摄影参考；综合参考 人像拍摄； pose reference","通用人像场景","单人女生/普通客片","中等","常规沟通和审美匹配风险","综合参考","99-399","中","适合作为检索补充或局部灵感。","platform-link-only","medium-shot","static","saliency-focus","inspiration","生锈的感情又逢落雨天。 - 综合参考摄影参考","生锈的感情又逢落雨天。；综合参考；摄影参考；人像摄影；拍摄姿势；moodboard","从 Obsidian 表格抽取；建议复核原链接后补充作品截图、视频链接和授权备注。","待复核","中"
"00-笔记索引-武汉电玩城鱼眼人像-甜酷氛围感实拍-13","武汉电玩城鱼眼人像｜甜酷氛围感实拍","obsidian_table_row","综合参考","小红书/Obsidian","https://www.xiaohongshu.com/explore/6a0c48b4","摄影姿势库/小红书笔记/00_笔记索引.md","-","鱼眼","13 / 6a0c48b4 / 武汉电玩城鱼眼人像｜甜酷氛围感实拍 / -","https://www.xiaohongshu.com/explore/6a0c48b4","武汉电玩城鱼眼人像｜甜酷氛围感实拍 综合参考 鱼眼；武汉电玩城鱼眼人像｜甜酷氛围感实拍 摄影参考；综合参考 人像拍摄；鱼眼 pose reference","通用人像场景","单人女生/普通客片","中等","常规沟通和审美匹配风险","综合参考","99-399","中","适合作为检索补充或局部灵感。","platform-link-only","medium-shot","static","saliency-focus","inspiration","武汉电玩城鱼眼人像｜甜酷氛围感实拍 - 综合参考摄影参考","武汉电玩城鱼眼人像｜甜酷氛围感实拍；综合参考；鱼眼；摄影参考；人像摄影；拍摄姿势；moodboard","从 Obsidian 表格抽取；建议复核原链接后补充作品截图、视频链接和授权备注。","待复核","中"
"00-笔记索引-叫我阿荣-14","叫我阿荣📷","obsidian_table_row","综合参考","小红书/Obsidian","https://www.xiaohongshu.com/explore/6503204e","摄影姿势库/小红书笔记/00_笔记索引.md","-","","14 / 6503204e / 叫我阿荣📷 / -","https://www.xiaohongshu.com/explore/6503204e","叫我阿荣📷 综合参考；叫我阿荣📷 摄影参考；综合参考 人像拍摄； pose reference","通用人像场景","单人女生/普通客片","中等","常规沟通和审美匹配风险","综合参考","99-399","中","适合作为检索补充或局部灵感。","platform-link-only","medium-shot","static","saliency-focus","inspiration","叫我阿荣📷 - 综合参考摄影参考","叫我阿荣📷；综合参考；摄影参考；人像摄影；拍摄姿势；moodboard","从 Obsidian 表格抽取；建议复核原链接后补充作品截图、视频链接和授权备注。","待复核","中"
"00-笔记索引-大疆稳定器使用技巧-15","大疆稳定器使用技巧","obsidian_table_row","构图/技巧","小红书/Obsidian","https://www.xiaohongshu.com/explore/6a0dbed4","摄影姿势库/小红书笔记/00_笔记索引.md","-","稳定器","15 / 6a0dbed4 / 大疆稳定器使用技巧 / -","https://www.xiaohongshu.com/explore/6a0dbed4","大疆稳定器使用技巧 构图/技巧 稳定器；大疆稳定器使用技巧 摄影参考；构图/技巧 人像拍摄；稳定器 pose reference","通用人像场景","单人女生/普通客片","中等","需要运动镜头和剪辑配合","构图镜头","99-399","高","可直接转化为拍摄选题、姿势引导或成片风格参考。","platform-link-only","medium-shot","travelling-in","saliency-focus","shot-planning","大疆稳定器使用技巧 - 构图/技巧摄影参考","大疆稳定器使用技巧；构图/技巧；稳定器；摄影参考；人像摄影；拍摄姿势；moodboard","从 Obsidian 表格抽取；建议复核原链接后补充作品截图、视频链接和授权备注。","待复核","高"
"00-笔记索引-铁手摄影-16","铁手摄影","obsidian_table_row","综合参考","小红书/Obsidian","https://www.xiaohongshu.com/explore/67c569ba","摄影姿势库/小红书笔记/00_笔记索引.md","-","","16 / 67c569ba / 铁手摄影 / -","https://www.xiaohongshu.com/explore/67c569ba","铁手摄影 综合参考；铁手摄影 摄影参考；综合参考 人像拍摄； pose reference","通用人像场景","单人女生/普通客片","中等","常规沟通和审美匹配风险","综合参考","99-399","中","适合作为检索补充或局部灵感。","platform-link-only","medium-shot","static","saliency-focus","inspiration","铁手摄影 - 综合参考摄影参考","铁手摄影；综合参考；摄影参考；人像摄影；拍摄姿势；moodboard","从 Obsidian 表格抽取；建议复核原链接后补充作品截图、视频链接和授权备注。","待复核","中"
"00-笔记索引-我们都是青春的导演-17","我们都是青春的导演","obsidian_table_row","综合参考","小红书/Obsidian","https://www.xiaohongshu.com/explore/6a0a8a6d","摄影姿势库/小红书笔记/00_笔记索引.md","-","","17 / 6a0a8a6d / 我们都是青春的导演 / -","https://www.xiaohongshu.com/explore/6a0a8a6d","我们都是青春的导演 综合参考；我们都是青春的导演 摄影参考；综合参考 人像拍摄； pose reference","通用人像场景","单人女生/普通客片","中等","常规沟通和审美匹配风险","综合参考","99-399","中","适合作为检索补充或局部灵感。","platform-link-only","medium-shot","static","saliency-focus","inspiration","我们都是青春的导演 - 综合参考摄影参考","我们都是青春的导演；综合参考；摄影参考；人像摄影；拍摄姿势；moodboard","从 Obsidian 表格抽取；建议复核原链接后补充作品截图、视频链接和授权备注。","待复核","中"
"00-笔记索引-小意川-五月底北京-18","小意川（五月底北京","obsidian_table_row","综合参考","小红书/Obsidian","https://www.xiaohongshu.com/explore/5cfc8975","摄影姿势库/小红书笔记/00_笔记索引.md","-","","18 / 5cfc8975 / 小意川（五月底北京 / -","https://www.xiaohongshu.com/explore/5cfc8975","小意川（五月底北京 综合参考；小意川（五月底北京 摄影参考；综合参考 人像拍摄； pose reference","通用人像场景","单人女生/普通客片","中等","常规沟通和审美匹配风险","综合参考","99-399","中","适合作为检索补充或局部灵感。","platform-link-only","medium-shot","static","saliency-focus","inspiration","小意川（五月底北京 - 综合参考摄影参考","小意川（五月底北京；综合参考；摄影参考；人像摄影；拍摄姿势；moodboard","从 Obsidian 表格抽取；建议复核原链接后补充作品截图、视频链接和授权备注。","待复核","中"
"00-笔记索引-学到了-海边拍照氛围感-万能出片技巧-19","学到了‼️海边拍照氛围感📸万能出片技巧","obsidian_table_row","构图/技巧","小红书/Obsidian","https://www.xiaohongshu.com/explore/69f9bd1e","摄影姿势库/小红书笔记/00_笔记索引.md","-","海边","19 / 69f9bd1e / 学到了‼️海边拍照氛围感📸万能出片技巧 / -","https://www.xiaohongshu.com/explore/69f9bd1e","学到了‼️海边拍照氛围感📸万能出片技巧 构图/技巧 海边；学到了‼️海边拍照氛围感📸万能出片技巧 摄影参考；构图/技巧 人像拍摄；海边 pose reference","海边/沙滩","单人女生/普通客片","中等","天气和光线不稳定","构图镜头","99-399","高","可直接转化为拍摄选题、姿势引导或成片风格参考。","platform-link-only","medium-shot","static","saliency-focus","shot-planning","学到了‼️海边拍照氛围感📸万能出片技巧 - 构图/技巧摄影参考","学到了‼️海边拍照氛围感📸万能出片技巧；构图/技巧；海边；摄影参考；人像摄影；拍摄姿势；moodboard","从 Obsidian 表格抽取；建议复核原链接后补充作品截图、视频链接和授权备注。","待复核","中"
"00-笔记索引-啡啡爱拍照-20","啡啡爱拍照📸","obsidian_table_row","综合参考","小红书/Obsidian","https://www.xiaohongshu.com/explore/5cb44d39","摄影姿势库/小红书笔记/00_笔记索引.md","-","","20 / 5cb44d39 / 啡啡爱拍照📸 / -","https://www.xiaohongshu.com/explore/5cb44d39","啡啡爱拍照📸 综合参考；啡啡爱拍照📸 摄影参考；综合参考 人像拍摄； pose reference","通用人像场景","单人女生/普通客片","中等","常规沟通和审美匹配风险","综合参考","99-399","中","适合作为检索补充或局部灵感。","platform-link-only","medium-shot","static","saliency-focus","inspiration","啡啡爱拍照📸 - 综合参考摄影参考","啡啡爱拍照📸；综合参考；摄影参考；人像摄影；拍摄姿势；moodboard","从 Obsidian 表格抽取；建议复核原链接后补充作品截图、视频链接和授权备注。","待复核","中"
"00-笔记索引-存一些生命力溢出屏幕的拍照姿势-21","存一些生命力溢出屏幕的拍照姿势 🏔️","obsidian_table_row","姿势/引导","小红书/Obsidian","https://www.xiaohongshu.com/explore/6a014c9f","摄影姿势库/小红书笔记/00_笔记索引.md","-","生命力","21 / 6a014c9f / 存一些生命力溢出屏幕的拍照姿势 🏔️ / -","https://www.xiaohongshu.com/explore/6a014c9f","存一些生命力溢出屏幕的拍照姿势 🏔️ 姿势/引导 生命力；存一些生命力溢出屏幕的拍照姿势 🏔️ 摄影参考；姿势/引导 人像拍摄；生命力 pose reference","通用人像场景","单人女生/普通客片","容易","常规沟通和审美匹配风险","姿势引导","199-399","高","可直接转化为拍摄选题、姿势引导或成片风格参考。","platform-link-only","medium-shot","static","saliency-focus","shot-planning","存一些生命力溢出屏幕的拍照姿势 🏔️ - 姿势/引导摄影参考","存一些生命力溢出屏幕的拍照姿势 🏔️；姿势/引导；生命力；摄影参考；人像摄影；拍摄姿势；moodboard","从 Obsidian 表格抽取；建议复核原链接后补充作品截图、视频链接和授权备注。","待复核","高"
"00-笔记索引-如何在光影下拍出动感大片-22","如何在光影下拍出动感大片？","obsidian_table_row","构图/技巧","小红书/Obsidian","https://www.xiaohongshu.com/explore/6a07240c","摄影姿势库/小红书笔记/00_笔记索引.md","-","光影","22 / 6a07240c / 如何在光影下拍出动感大片？ / -","https://www.xiaohongshu.com/explore/6a07240c","如何在光影下拍出动感大片？ 构图/技巧 光影；如何在光影下拍出动感大片？ 摄影参考；构图/技巧 人像拍摄；光影 pose reference","通用人像场景","单人女生/普通客片","中等","需要控光或合适时段","构图镜头；光线氛围","99-399","高","可直接转化为拍摄选题、姿势引导或成片风格参考。","platform-link-only","medium-shot","static","saliency-focus","shot-planning","如何在光影下拍出动感大片？ - 构图/技巧摄影参考","如何在光影下拍出动感大片？；构图/技巧；光影；摄影参考；人像摄影；拍摄姿势；moodboard","从 Obsidian 表格抽取；建议复核原链接后补充作品截图、视频链接和授权备注。","待复核","中"
"00-笔记索引-一米九的摄影君-23","一米九的摄影君","obsidian_table_row","综合参考","小红书/Obsidian","https://www.xiaohongshu.com/explore/5b1379d6","摄影姿势库/小红书笔记/00_笔记索引.md","-","","23 / 5b1379d6 / 一米九的摄影君 / -","https://www.xiaohongshu.com/explore/5b1379d6","一米九的摄影君 综合参考；一米九的摄影君 摄影参考；综合参考 人像拍摄； pose reference","通用人像场景","单人女生/普通客片","中等","常规沟通和审美匹配风险","综合参考","99-399","中","适合作为检索补充或局部灵感。","platform-link-only","medium-shot","static","saliency-focus","inspiration","一米九的摄影君 - 综合参考摄影参考","一米九的摄影君；综合参考；摄影参考；人像摄影；拍摄姿势；moodboard","从 Obsidian 表格抽取；建议复核原链接后补充作品截图、视频链接和授权备注。","待复核","中"
"00-笔记索引-阳光下的活人感大片-24","阳光下的活人感大片！","obsidian_table_row","综合参考","小红书/Obsidian","https://www.xiaohongshu.com/explore/69fdf296","摄影姿势库/小红书笔记/00_笔记索引.md","-","","24 / 69fdf296 / 阳光下的活人感大片！ / -","https://www.xiaohongshu.com/explore/69fdf296","阳光下的活人感大片！ 综合参考；阳光下的活人感大片！ 摄影参考；综合参考 人像拍摄； pose reference","通用人像场景","单人女生/普通客片","中等","常规沟通和审美匹配风险","光线氛围","99-399","中","适合作为检索补充或局部灵感。","platform-link-only","medium-shot","static","saliency-focus","inspiration","阳光下的活人感大片！ - 综合参考摄影参考","阳光下的活人感大片！；综合参考；摄影参考；人像摄影；拍摄姿势；moodboard","从 Obsidian 表格抽取；建议复核原链接后补充作品截图、视频链接和授权备注。","待复核","中"
"00-笔记索引-来咯-新中式拍照姿势大全-25","来咯～新中式拍照姿势大全","obsidian_table_row","国风/汉服","小红书/Obsidian","https://www.xiaohongshu.com/explore/69f23765","摄影姿势库/小红书笔记/00_笔记索引.md","-","新中式","25 / 69f23765 / 来咯～新中式拍照姿势大全 / -","https://www.xiaohongshu.com/explore/69f23765","来咯～新中式拍照姿势大全 国风/汉服 新中式；来咯～新中式拍照姿势大全 摄影参考；国风/汉服 人像拍摄；新中式 pose reference","园林/古风室内","汉服模特","中等","妆造/服装/道具影响很大","姿势引导","399-699","高","可直接转化为拍摄选题、姿势引导或成片风格参考。","platform-link-only","medium-shot","static","saliency-focus","shot-planning","来咯～新中式拍照姿势大全 - 国风/汉服摄影参考","来咯～新中式拍照姿势大全；国风/汉服；新中式；摄影参考；人像摄影；拍摄姿势；moodboard","从 Obsidian 表格抽取；建议复核原链接后补充作品截图、视频链接和授权备注。","待复核","中"
"00-笔记索引-夏天就要拍草地和蓝天呀-文艺胶片风-26","夏天就要拍草地和蓝天呀！📷文艺胶片风","obsidian_table_row","综合参考","小红书/Obsidian","https://www.xiaohongshu.com/explore/6a043a68","摄影姿势库/小红书笔记/00_笔记索引.md","-","胶片；草地；夏天","26 / 6a043a68 / 夏天就要拍草地和蓝天呀！📷文艺胶片风 / -","https://www.xiaohongshu.com/explore/6a043a68","夏天就要拍草地和蓝天呀！📷文艺胶片风 综合参考 胶片 草地 夏天；夏天就要拍草地和蓝天呀！📷文艺胶片风 摄影参考；综合参考 人像拍摄；胶片 草地 夏天 pose reference","草地/公园","单人女生/普通客片","容易","天气和光线不稳定","色彩后期","199-399","中","适合作为检索补充或局部灵感。","platform-link-only","medium-shot","static","saliency-focus","inspiration","夏天就要拍草地和蓝天呀！📷文艺胶片风 - 综合参考摄影参考","夏天就要拍草地和蓝天呀！📷文艺胶片风；综合参考；胶片；草地；夏天；摄影参考；人像摄影；拍摄姿势；moodboard","从 Obsidian 表格抽取；建议复核原链接后补充作品截图、视频链接和授权备注。","待复核","中"
"00-笔记索引-用全屏-live-走进我的夏日阳光农场-27","用全屏 live 走进我的夏日阳光农场🏡","obsidian_table_row","综合参考","小红书/Obsidian","https://www.xiaohongshu.com/explore/6a02e63d","摄影姿势库/小红书笔记/00_笔记索引.md","-","","27 / 6a02e63d / 用全屏 live 走进我的夏日阳光农场🏡 / -","https://www.xiaohongshu.com/explore/6a02e63d","用全屏 live 走进我的夏日阳光农场🏡 综合参考；用全屏 live 走进我的夏日阳光农场🏡 摄影参考；综合参考 人像拍摄； pose reference","通用人像场景","单人女生/普通客片","中等","常规沟通和审美匹配风险","光线氛围","99-399","中","适合作为检索补充或局部灵感。","platform-link-only","long-shot","static","saliency-focus","inspiration","用全屏 live 走进我的夏日阳光农场🏡 - 综合参考摄影参考","用全屏 live 走进我的夏日阳光农场🏡；综合参考；摄影参考；人像摄影；拍摄姿势；moodboard","从 Obsidian 表格抽取；建议复核原链接后补充作品截图、视频链接和授权备注。","待复核","中"
"00-笔记索引-一场live-28","一场LIVE","obsidian_table_row","综合参考","小红书/Obsidian","https://www.xiaohongshu.com/explore/65a6776e","摄影姿势库/小红书笔记/00_笔记索引.md","-","","28 / 65a6776e / 一场LIVE / -","https://www.xiaohongshu.com/explore/65a6776e","一场LIVE 综合参考；一场LIVE 摄影参考；综合参考 人像拍摄； pose reference","通用人像场景","单人女生/普通客片","中等","常规沟通和审美匹配风险","综合参考","99-399","中","适合作为检索补充或局部灵感。","platform-link-only","medium-shot","static","saliency-focus","inspiration","一场LIVE - 综合参考摄影参考","一场LIVE；综合参考；摄影参考；人像摄影；拍摄姿势；moodboard","从 Obsidian 表格抽取；建议复核原链接后补充作品截图、视频链接和授权备注。","待复核","中"
"00-笔记索引-春日出游这样拍-不露脸拍出森系电影氛围感-29","春日出游这样拍！不露脸拍出森系电影氛围感～","obsidian_table_row","综合参考","小红书/Obsidian","https://www.xiaohongshu.com/explore/69f2cf8d","摄影姿势库/小红书笔记/00_笔记索引.md","-","春日","29 / 69f2cf8d / 春日出游这样拍！不露脸拍出森系电影氛围感～ / -","https://www.xiaohongshu.com/explore/69f2cf8d","春日出游这样拍！不露脸拍出森系电影氛围感～ 综合参考 春日；春日出游这样拍！不露脸拍出森系电影氛围感～ 摄影参考；综合参考 人像拍摄；春日 pose reference","通用人像场景","单人女生/普通客片","中等","天气和光线不稳定","综合参考","99-399","中","适合作为检索补充或局部灵感。","platform-link-only","close-up","static","saliency-focus","inspiration","春日出游这样拍！不露脸拍出森系电影氛围感～ - 综合参考摄影参考","春日出游这样拍！不露脸拍出森系电影氛围感～；综合参考；春日；摄影参考；人像摄影；拍摄姿势；moodboard","从 Obsidian 表格抽取；建议复核原链接后补充作品截图、视频链接和授权备注。","待复核","中"
"00-笔记索引-5-9-一不小心-误闯现实版的印象派油画-30","5.9｜一不小心，误闯现实版的印象派油画！","obsidian_table_row","综合参考","小红书/Obsidian","https://www.xiaohongshu.com/explore/6a00537a","摄影姿势库/小红书笔记/00_笔记索引.md","-","","30 / 6a00537a / 5.9｜一不小心，误闯现实版的印象派油画！ / -","https://www.xiaohongshu.com/explore/6a00537a","5.9｜一不小心，误闯现实版的印象派油画！ 综合参考；5.9｜一不小心，误闯现实版的印象派油画！ 摄影参考；综合参考 人像拍摄； pose reference","通用人像场景","单人女生/普通客片","中等","常规沟通和审美匹配风险","综合参考","99-399","中","适合作为检索补充或局部灵感。","platform-link-only","medium-shot","static","saliency-focus","inspiration","5.9｜一不小心，误闯现实版的印象派油画！ - 综合参考摄影参考","5.9｜一不小心，误闯现实版的印象派油画！；综合参考；摄影参考；人像摄影；拍摄姿势；moodboard","从 Obsidian 表格抽取；建议复核原链接后补充作品截图、视频链接和授权备注。","待复核","中"
"00-笔记索引-菲雨丹青-31","菲雨丹青","obsidian_table_row","综合参考","小红书/Obsidian","https://www.xiaohongshu.com/explore/605855ce","摄影姿势库/小红书笔记/00_笔记索引.md","-","","31 / 605855ce / 菲雨丹青 / -","https://www.xiaohongshu.com/explore/605855ce","菲雨丹青 综合参考；菲雨丹青 摄影参考；综合参考 人像拍摄； pose reference","通用人像场景","单人女生/普通客片","中等","常规沟通和审美匹配风险","综合参考","99-399","中","适合作为检索补充或局部灵感。","platform-link-only","medium-shot","static","saliency-focus","inspiration","菲雨丹青 - 综合参考摄影参考","菲雨丹青；综合参考；摄影参考；人像摄影；拍摄姿势；moodboard","从 Obsidian 表格抽取；建议复核原链接后补充作品截图、视频链接和授权备注。","待复核","中"
"00-笔记索引-用colorfit给夏天点颜色瞧瞧-32","用colorfit给夏天点颜色瞧瞧‼️","obsidian_table_row","调色/后期","小红书/Obsidian","https://www.xiaohongshu.com/explore/69fdc5a3","摄影姿势库/小红书笔记/00_笔记索引.md","-","夏天","32 / 69fdc5a3 / 用colorfit给夏天点颜色瞧瞧‼️ / -","https://www.xiaohongshu.com/explore/69fdc5a3","用colorfit给夏天点颜色瞧瞧‼️ 调色/后期 夏天；用colorfit给夏天点颜色瞧瞧‼️ 摄影参考；调色/后期 人像拍摄；夏天 pose reference","通用人像场景","单人女生/普通客片","中等","天气和光线不稳定","色彩后期","99-399","高","可直接转化为拍摄选题、姿势引导或成片风格参考。","platform-link-only","medium-shot","static","saliency-focus","color-grading","用colorfit给夏天点颜色瞧瞧‼️ - 调色/后期摄影参考","用colorfit给夏天点颜色瞧瞧‼️；调色/后期；夏天；摄影参考；人像摄影；拍摄姿势；moodboard","从 Obsidian 表格抽取；建议复核原链接后补充作品截图、视频链接和授权备注。","待复核","中"
"00-笔记索引-存一组五一出行氛围感的拍照姿势-33","存一组五一出行氛围感的拍照姿势📸","obsidian_table_row","姿势/引导","小红书/Obsidian","https://www.xiaohongshu.com/explore/69f59836","摄影姿势库/小红书笔记/00_笔记索引.md","-","","33 / 69f59836 / 存一组五一出行氛围感的拍照姿势📸 / -","https://www.xiaohongshu.com/explore/69f59836","存一组五一出行氛围感的拍照姿势📸 姿势/引导；存一组五一出行氛围感的拍照姿势📸 摄影参考；姿势/引导 人像拍摄； pose reference","通用人像场景","单人女生/普通客片","容易","常规沟通和审美匹配风险","姿势引导","199-399","中","适合作为检索补充或局部灵感。","platform-link-only","medium-shot","static","saliency-focus","shot-planning","存一组五一出行氛围感的拍照姿势📸 - 姿势/引导摄影参考","存一组五一出行氛围感的拍照姿势📸；姿势/引导；摄影参考；人像摄影；拍摄姿势；moodboard","从 Obsidian 表格抽取；建议复核原链接后补充作品截图、视频链接和授权备注。","待复核","中"
"00-笔记索引-我们的约定-34","我们的约定","obsidian_table_row","综合参考","小红书/Obsidian","https://www.xiaohongshu.com/explore/6a02d9f7","摄影姿势库/小红书笔记/00_笔记索引.md","-","","34 / 6a02d9f7 / 我们的约定 / -","https://www.xiaohongshu.com/explore/6a02d9f7","我们的约定 综合参考；我们的约定 摄影参考；综合参考 人像拍摄； pose reference","通用人像场景","单人女生/普通客片","中等","常规沟通和审美匹配风险","综合参考","99-399","中","适合作为检索补充或局部灵感。","platform-link-only","medium-shot","static","saliency-focus","inspiration","我们的约定 - 综合参考摄影参考","我们的约定；综合参考；摄影参考；人像摄影；拍摄姿势；moodboard","从 Obsidian 表格抽取；建议复核原链接后补充作品截图、视频链接和授权备注。","待复核","中"
"00-笔记索引-笑笑不乖w-35","笑笑不乖w","obsidian_table_row","综合参考","小红书/Obsidian","https://www.xiaohongshu.com/explore/5d589b17","摄影姿势库/小红书笔记/00_笔记索引.md","-","","35 / 5d589b17 / 笑笑不乖w / -","https://www.xiaohongshu.com/explore/5d589b17","笑笑不乖w 综合参考；笑笑不乖w 摄影参考；综合参考 人像拍摄； pose reference","通用人像场景","单人女生/普通客片","中等","常规沟通和审美匹配风险","综合参考","99-399","中","适合作为检索补充或局部灵感。","platform-link-only","medium-shot","static","saliency-focus","inspiration","笑笑不乖w - 综合参考摄影参考","笑笑不乖w；综合参考；摄影参考；人像摄影；拍摄姿势；moodboard","从 Obsidian 表格抽取；建议复核原链接后补充作品截图、视频链接和授权备注。","待复核","中"
"00-笔记索引-人像摄影16种构图及拍摄思路-36","📸人像摄影16种构图及拍摄思路","obsidian_table_row","构图/技巧","小红书/Obsidian","https://www.xiaohongshu.com/explore/6a030f3f","摄影姿势库/小红书笔记/00_笔记索引.md","-","构图","36 / 6a030f3f / 📸人像摄影16种构图及拍摄思路 / -","https://www.xiaohongshu.com/explore/6a030f3f","📸人像摄影16种构图及拍摄思路 构图/技巧 构图；📸人像摄影16种构图及拍摄思路 摄影参考；构图/技巧 人像拍摄；构图 pose reference","通用人像场景","单人女生/普通客片","中等","常规沟通和审美匹配风险","构图镜头","99-399","高","可直接转化为拍摄选题、姿势引导或成片风格参考。","platform-link-only","medium-shot","static","saliency-focus","shot-planning","📸人像摄影16种构图及拍摄思路 - 构图/技巧摄影参考","📸人像摄影16种构图及拍摄思路；构图/技巧；构图；摄影参考；人像摄影；拍摄姿势；moodboard","从 Obsidian 表格抽取；建议复核原链接后补充作品截图、视频链接和授权备注。","待复核","高"
"00-笔记索引-云汇艺术设计培训-37","云汇艺术设计培训","obsidian_table_row","综合参考","小红书/Obsidian","https://www.xiaohongshu.com/explore/68b907bb","摄影姿势库/小红书笔记/00_笔记索引.md","-","","37 / 68b907bb / 云汇艺术设计培训 / -","https://www.xiaohongshu.com/explore/68b907bb","云汇艺术设计培训 综合参考；云汇艺术设计培训 摄影参考；综合参考 人像拍摄； pose reference","通用人像场景","单人女生/普通客片","中等","常规沟通和审美匹配风险","综合参考","99-399","中","适合作为检索补充或局部灵感。","platform-link-only","medium-shot","static","saliency-focus","inspiration","云汇艺术设计培训 - 综合参考摄影参考","云汇艺术设计培训；综合参考；摄影参考；人像摄影；拍摄姿势；moodboard","从 Obsidian 表格抽取；建议复核原链接后补充作品截图、视频链接和授权备注。","待复核","中"
"00-笔记索引-35mm下的绿意-38","35mm下的绿意","obsidian_table_row","综合参考","小红书/Obsidian","https://www.xiaohongshu.com/explore/6a02a2c3","摄影姿势库/小红书笔记/00_笔记索引.md","-","35mm","38 / 6a02a2c3 / 35mm下的绿意 / -","https://www.xiaohongshu.com/explore/6a02a2c3","35mm下的绿意 综合参考 35mm；35mm下的绿意 摄影参考；综合参考 人像拍摄；35mm pose reference","通用人像场景","单人女生/普通客片","中等","常规沟通和审美匹配风险","构图镜头","99-399","中","适合作为检索补充或局部灵感。","platform-link-only","medium-shot","static","saliency-focus","inspiration","35mm下的绿意 - 综合参考摄影参考","35mm下的绿意；综合参考；35mm；摄影参考；人像摄影；拍摄姿势；moodboard","从 Obsidian 表格抽取；建议复核原链接后补充作品截图、视频链接和授权备注。","待复核","中"
"00-笔记索引-samaritan-39","Samaritan","obsidian_table_row","综合参考","小红书/Obsidian","https://www.xiaohongshu.com/explore/64a78eef","摄影姿势库/小红书笔记/00_笔记索引.md","-","","39 / 64a78eef / Samaritan / -","https://www.xiaohongshu.com/explore/64a78eef","Samaritan 综合参考；Samaritan 摄影参考；综合参考 人像拍摄； pose reference","通用人像场景","单人女生/普通客片","中等","常规沟通和审美匹配风险","综合参考","99-399","中","适合作为检索补充或局部灵感。","platform-link-only","medium-shot","static","saliency-focus","inspiration","Samaritan - 综合参考摄影参考","Samaritan；综合参考；摄影参考；人像摄影；拍摄姿势；moodboard","从 Obsidian 表格抽取；建议复核原链接后补充作品截图、视频链接和授权备注。","待复核","中"
"00-笔记索引-连廊听风-40","连廊听风","obsidian_table_row","综合参考","小红书/Obsidian","https://www.xiaohongshu.com/explore/69ffd325","摄影姿势库/小红书笔记/00_笔记索引.md","-","","40 / 69ffd325 / 连廊听风 / -","https://www.xiaohongshu.com/explore/69ffd325","连廊听风 综合参考；连廊听风 摄影参考；综合参考 人像拍摄； pose reference","通用人像场景","单人女生/普通客片","中等","常规沟通和审美匹配风险","综合参考","99-399","中","适合作为检索补充或局部灵感。","platform-link-only","medium-shot","static","saliency-focus","inspiration","连廊听风 - 综合参考摄影参考","连廊听风；综合参考；摄影参考；人像摄影；拍摄姿势；moodboard","从 Obsidian 表格抽取；建议复核原链接后补充作品截图、视频链接和授权备注。","待复核","中"
"00-笔记索引-5月的蓝花楹是春天写给昆明的诗-41","5月的蓝花楹是春天写给昆明的诗🪻","obsidian_table_row","综合参考","小红书/Obsidian","https://www.xiaohongshu.com/explore/69fca8c4","摄影姿势库/小红书笔记/00_笔记索引.md","-","","41 / 69fca8c4 / 5月的蓝花楹是春天写给昆明的诗🪻 / -","https://www.xiaohongshu.com/explore/69fca8c4","5月的蓝花楹是春天写给昆明的诗🪻 综合参考；5月的蓝花楹是春天写给昆明的诗🪻 摄影参考；综合参考 人像拍摄； pose reference","通用人像场景","单人女生/普通客片","中等","常规沟通和审美匹配风险","综合参考","99-399","中","适合作为检索补充或局部灵感。","platform-link-only","medium-shot","static","saliency-focus","inspiration","5月的蓝花楹是春天写给昆明的诗🪻 - 综合参考摄影参考","5月的蓝花楹是春天写给昆明的诗🪻；综合参考；摄影参考；人像摄影；拍摄姿势；moodboard","从 Obsidian 表格抽取；建议复核原链接后补充作品截图、视频链接和授权备注。","待复核","中"
"00-笔记索引-朋友圈吃不了的细糠-小红书也吃不了-42","朋友圈吃不了的细糠，小红书也吃不了","obsidian_table_row","综合参考","小红书/Obsidian","https://www.xiaohongshu.com/explore/69fd96f4","摄影姿势库/小红书笔记/00_笔记索引.md","-","","42 / 69fd96f4 / 朋友圈吃不了的细糠，小红书也吃不了 / -","https://www.xiaohongshu.com/explore/69fd96f4","朋友圈吃不了的细糠，小红书也吃不了 综合参考；朋友圈吃不了的细糠，小红书也吃不了 摄影参考；综合参考 人像拍摄； pose reference","通用人像场景","单人女生/普通客片","中等","常规沟通和审美匹配风险","发布表达","99-399","中","适合作为检索补充或局部灵感。","platform-link-only","medium-shot","static","saliency-focus","inspiration","朋友圈吃不了的细糠，小红书也吃不了 - 综合参考摄影参考","朋友圈吃不了的细糠，小红书也吃不了；综合参考；摄影参考；人像摄影；拍摄姿势；moodboard","从 Obsidian 表格抽取；建议复核原链接后补充作品截图、视频链接和授权备注。","待复核","中"
"00-笔记索引-刘知著-六月新疆面授招生中-43","刘知著（六月新疆面授招生中）","obsidian_table_row","综合参考","小红书/Obsidian","https://www.xiaohongshu.com/explore/62d8d130","摄影姿势库/小红书笔记/00_笔记索引.md","-","","43 / 62d8d130 / 刘知著（六月新疆面授招生中） / -","https://www.xiaohongshu.com/explore/62d8d130","刘知著（六月新疆面授招生中） 综合参考；刘知著（六月新疆面授招生中） 摄影参考；综合参考 人像拍摄； pose reference","通用人像场景","单人女生/普通客片","中等","常规沟通和审美匹配风险","综合参考","99-399","中","适合作为检索补充或局部灵感。","platform-link-only","medium-shot","static","saliency-focus","inspiration","刘知著（六月新疆面授招生中） - 综合参考摄影参考","刘知著（六月新疆面授招生中）；综合参考；摄影参考；人像摄影；拍摄姿势；moodboard","从 Obsidian 表格抽取；建议复核原链接后补充作品截图、视频链接和授权备注。","待复核","中"
"00-笔记索引-和摄影老师一起拍出了夏天的味道-44","和摄影老师一起拍出了夏天的味道！","obsidian_table_row","综合参考","小红书/Obsidian","https://www.xiaohongshu.com/explore/69fdbda4","摄影姿势库/小红书笔记/00_笔记索引.md","-","夏天","44 / 69fdbda4 / 和摄影老师一起拍出了夏天的味道！ / -","https://www.xiaohongshu.com/explore/69fdbda4","和摄影老师一起拍出了夏天的味道！ 综合参考 夏天；和摄影老师一起拍出了夏天的味道！ 摄影参考；综合参考 人像拍摄；夏天 pose reference","通用人像场景","单人女生/普通客片","中等","天气和光线不稳定","综合参考","99-399","中","适合作为检索补充或局部灵感。","platform-link-only","medium-shot","static","saliency-focus","inspiration","和摄影老师一起拍出了夏天的味道！ - 综合参考摄影参考","和摄影老师一起拍出了夏天的味道！；综合参考；夏天；摄影参考；人像摄影；拍摄姿势；moodboard","从 Obsidian 表格抽取；建议复核原链接后补充作品截图、视频链接和授权备注。","待复核","中"
"00-笔记索引-我是火大熊-45","我是火大熊","obsidian_table_row","综合参考","小红书/Obsidian","https://www.xiaohongshu.com/explore/5e41abcb","摄影姿势库/小红书笔记/00_笔记索引.md","-","","45 / 5e41abcb / 我是火大熊 / -","https://www.xiaohongshu.com/explore/5e41abcb","我是火大熊 综合参考；我是火大熊 摄影参考；综合参考 人像拍摄； pose reference","通用人像场景","单人女生/普通客片","中等","常规沟通和审美匹配风险","综合参考","99-399","中","适合作为检索补充或局部灵感。","platform-link-only","medium-shot","static","saliency-focus","inspiration","我是火大熊 - 综合参考摄影参考","我是火大熊；综合参考；摄影参考；人像摄影；拍摄姿势；moodboard","从 Obsidian 表格抽取；建议复核原链接后补充作品截图、视频链接和授权备注。","待复核","中"
"00-笔记索引-ning粒粒-46","Ning粒粒","obsidian_table_row","综合参考","小红书/Obsidian","https://www.xiaohongshu.com/explore/69b41903","摄影姿势库/小红书笔记/00_笔记索引.md","-","","47 / 69b41903 / Ning粒粒 / -","https://www.xiaohongshu.com/explore/69b41903","Ning粒粒 综合参考；Ning粒粒 摄影参考；综合参考 人像拍摄； pose reference","通用人像场景","单人女生/普通客片","中等","常规沟通和审美匹配风险","综合参考","99-399","中","适合作为检索补充或局部灵感。","platform-link-only","medium-shot","static","saliency-focus","inspiration","Ning粒粒 - 综合参考摄影参考","Ning粒粒；综合参考；摄影参考；人像摄影；拍摄姿势；moodboard","从 Obsidian 表格抽取；建议复核原链接后补充作品截图、视频链接和授权备注。","待复核","中"
"00-笔记索引-多肉爱吃三文鱼-面授报名中-47","多肉爱吃三文鱼📷面授报名中","obsidian_table_row","综合参考","小红书/Obsidian","https://www.xiaohongshu.com/explore/5c9cf453","摄影姿势库/小红书笔记/00_笔记索引.md","-","","49 / 5c9cf453 / 多肉爱吃三文鱼📷面授报名中 / -","https://www.xiaohongshu.com/explore/5c9cf453","多肉爱吃三文鱼📷面授报名中 综合参考；多肉爱吃三文鱼📷面授报名中 摄影参考；综合参考 人像拍摄； pose reference","通用人像场景","单人女生/普通客片","中等","常规沟通和审美匹配风险","综合参考","99-399","中","适合作为检索补充或局部灵感。","platform-link-only","medium-shot","static","saliency-focus","inspiration","多肉爱吃三文鱼📷面授报名中 - 综合参考摄影参考","多肉爱吃三文鱼📷面授报名中；综合参考；摄影参考；人像摄影；拍摄姿势；moodboard","从 Obsidian 表格抽取；建议复核原链接后补充作品截图、视频链接和授权备注。","待复核","中"
"doc-摄影姿势库-小红书笔记-6a100805-生命力和漂亮我都要-md","生命力和漂亮我都要！🌸","obsidian_note","姿势/引导","小红书/Obsidian","https://www.xiaohongshu.com/explore/6a1008050000000008026758","摄影姿势库/小红书笔记/6a100805_生命力和漂亮我都要.md","","拍照姿势；生命力；花海","生命力和漂亮我都要！🌸 作者：赵小糯（常驻大理） 标签：拍照姿势、生命力、花海 内容摘要 （待抓取完整内容） 参考图片 （待下载图片） 来自小红书收藏「拍摄专辑」","https://www.xiaohongshu.com/explore/6a1008050000000008026758","生命力和漂亮我都要！🌸 姿势/引导 拍照姿势 生命力 花海；生命力和漂亮我都要！🌸 摄影参考；姿势/引导 人像拍摄；拍照姿势 生命力 花海 pose reference","花海/春夏外景","单人女生/普通客片","容易","天气和光线不稳定","姿势引导；发布表达","199-399","高","可直接转化为拍摄选题、姿势引导或成片风格参考。","platform-link-only","medium-shot","static","saliency-focus","shot-planning","生命力和漂亮我都要！🌸 - 姿势/引导摄影参考","生命力和漂亮我都要！🌸；姿势/引导；拍照姿势；生命力；花海；摄影参考；人像摄影；拍摄姿势；moodboard","从 Obsidian 笔记抽取，可作为拍摄方案和参考检索的源材料。","待复核链接","中"
"doc-摄影姿势库-拍摄指南-小清新少女风拍摄手册-md","小清新少女风拍摄手册","obsidian_note","姿势/引导","Obsidian","","摄影姿势库/拍摄指南/小清新少女风拍摄手册.md","","花海；咖啡馆；调色；草地","小清新少女风 · 拍摄手册 v1.0 适用：互勉约拍入门 难度：⭐（新手友好） 设备要求：手机/相机 + 自然光 创建：2026 05 24 一、核心原则 三个不要 1. ❌ 不要让模特站得笔直僵硬 2. ❌ 不要让模特直勾勾盯着镜头 3. ❌ 不要让手自然下垂不知道放哪 三句引导心法 1. 给具体指令 → 不说""自然点""，说""头微微向右转，眼睛看那边"" 2","","小清新少女风拍摄手册 姿势/引导 花海 咖啡馆 调色 草地；小清新少女风拍摄手册 摄影参考；姿势/引导 人像拍摄；花海 咖啡馆 调色 pose reference","草地/公园","情侣","容易","天气和光线不稳定；需要场地许可或低打扰拍摄","姿势引导；构图镜头；色彩后期；光线氛围；发布表达","199-399","高","可直接转化为拍摄选题、姿势引导或成片风格参考。","public-domain","close-up","travelling-in","center；leading-lines；frame-within-frame","color-grading","小清新少女风拍摄手册 - 姿势/引导摄影参考","小清新少女风拍摄手册；姿势/引导；花海；咖啡馆；调色；草地；摄影参考；人像摄影；拍摄姿势；moodboard","从 Obsidian 笔记抽取，可作为拍摄方案和参考检索的源材料。","本地可用","高"
"小清新少女风拍摄手册-条目-1-1","条目 1","obsidian_table_row","姿势/引导","Obsidian","","摄影姿势库/拍摄指南/小清新少女风拍摄手册.md","","","上午8-10点 / 柔和斜光 / 柔光人像 / 正午顶光","","条目 1 姿势/引导；条目 1 摄影参考；姿势/引导 人像拍摄； pose reference","通用人像场景","单人女生/普通客片","容易","常规沟通和审美匹配风险","姿势引导","199-399","中","适合作为检索补充或局部灵感。","local-private-reference","medium-shot","static","saliency-focus","shot-planning","条目 1 - 姿势/引导摄影参考","条目 1；姿势/引导；摄影参考；人像摄影；拍摄姿势；moodboard","从 Obsidian 表格抽取；建议复核原链接后补充作品截图、视频链接和授权备注。","待复核","中"
"小清新少女风拍摄手册-条目-2-2","条目 2","obsidian_table_row","姿势/引导","Obsidian","","摄影姿势库/拍摄指南/小清新少女风拍摄手册.md","","","下午3-5点 / 黄金时段 / 逆光/侧光 / 太晚会暗","","条目 2 姿势/引导；条目 2 摄影参考；姿势/引导 人像拍摄； pose reference","通用人像场景","单人女生/普通客片","容易","常规沟通和审美匹配风险","姿势引导；光线氛围","199-399","中","适合作为检索补充或局部灵感。","local-private-reference","medium-shot","static","saliency-focus","shot-planning","条目 2 - 姿势/引导摄影参考","条目 2；姿势/引导；摄影参考；人像摄影；拍摄姿势；moodboard","从 Obsidian 表格抽取；建议复核原链接后补充作品截图、视频链接和授权备注。","待复核","中"
"小清新少女风拍摄手册-条目-3-3","条目 3","obsidian_table_row","姿势/引导","Obsidian","","摄影姿势库/拍摄指南/小清新少女风拍摄手册.md","","","傍晚5-6点 / 蓝色时刻 / 氛围感 / 时间短","","条目 3 姿势/引导；条目 3 摄影参考；姿势/引导 人像拍摄； pose reference","通用人像场景","单人女生/普通客片","容易","常规沟通和审美匹配风险","姿势引导","199-399","中","适合作为检索补充或局部灵感。","local-private-reference","medium-shot","static","saliency-focus","shot-planning","条目 3 - 姿势/引导摄影参考","条目 3；姿势/引导；摄影参考；人像摄影；拍摄姿势；moodboard","从 Obsidian 表格抽取；建议复核原链接后补充作品截图、视频链接和授权备注。","待复核","中"
"小清新少女风拍摄手册-条目-4-4","条目 4","obsidian_table_row","姿势/引导","Obsidian","","摄影姿势库/拍摄指南/小清新少女风拍摄手册.md","","","破冰 / 10分钟 / 聊天熟悉、换衣服、热身","","条目 4 姿势/引导；条目 4 摄影参考；姿势/引导 人像拍摄； pose reference","通用人像场景","单人女生/普通客片","容易","常规沟通和审美匹配风险","姿势引导","199-399","中","适合作为检索补充或局部灵感。","local-private-reference","medium-shot","static","saliency-focus","shot-planning","条目 4 - 姿势/引导摄影参考","条目 4；姿势/引导；摄影参考；人像摄影；拍摄姿势；moodboard","从 Obsidian 表格抽取；建议复核原链接后补充作品截图、视频链接和授权备注。","待复核","中"
"小清新少女风拍摄手册-条目-5-5","条目 5","obsidian_table_row","姿势/引导","Obsidian","","摄影姿势库/拍摄指南/小清新少女风拍摄手册.md","","","热身拍摄 / 15分钟 / 简单姿势，让模特放松","","条目 5 姿势/引导；条目 5 摄影参考；姿势/引导 人像拍摄； pose reference","通用人像场景","单人女生/普通客片","容易","常规沟通和审美匹配风险","姿势引导","199-399","中","适合作为检索补充或局部灵感。","local-private-reference","medium-shot","static","saliency-focus","shot-planning","条目 5 - 姿势/引导摄影参考","条目 5；姿势/引导；摄影参考；人像摄影；拍摄姿势；moodboard","从 Obsidian 表格抽取；建议复核原链接后补充作品截图、视频链接和授权备注。","待复核","中"
"小清新少女风拍摄手册-条目-6-6","条目 6","obsidian_table_row","姿势/引导","Obsidian","","摄影姿势库/拍摄指南/小清新少女风拍摄手册.md","","","正式拍摄 / 30分钟 / 各种姿势+场景切换","","条目 6 姿势/引导；条目 6 摄影参考；姿势/引导 人像拍摄； pose reference","通用人像场景","单人女生/普通客片","容易","常规沟通和审美匹配风险","姿势引导","199-399","中","适合作为检索补充或局部灵感。","local-private-reference","medium-shot","static","saliency-focus","shot-planning","条目 6 - 姿势/引导摄影参考","条目 6；姿势/引导；摄影参考；人像摄影；拍摄姿势；moodboard","从 Obsidian 表格抽取；建议复核原链接后补充作品截图、视频链接和授权备注。","待复核","中"
"小清新少女风拍摄手册-条目-7-7","条目 7","obsidian_table_row","姿势/引导","Obsidian","","摄影姿势库/拍摄指南/小清新少女风拍摄手册.md","","","特写补充 / 10分钟 / 手部、表情、细节","","条目 7 姿势/引导；条目 7 摄影参考；姿势/引导 人像拍摄； pose reference","通用人像场景","单人女生/普通客片","容易","常规沟通和审美匹配风险","姿势引导","199-399","中","适合作为检索补充或局部灵感。","local-private-reference","close-up","static","saliency-focus","shot-planning","条目 7 - 姿势/引导摄影参考","条目 7；姿势/引导；摄影参考；人像摄影；拍摄姿势；moodboard","从 Obsidian 表格抽取；建议复核原链接后补充作品截图、视频链接和授权备注。","待复核","中"
"小清新少女风拍摄手册-条目-8-8","条目 8","obsidian_table_row","姿势/引导","Obsidian","","摄影姿势库/拍摄指南/小清新少女风拍摄手册.md","","","收尾 / 5分钟 / 确认、告别","","条目 8 姿势/引导；条目 8 摄影参考；姿势/引导 人像拍摄； pose reference","通用人像场景","单人女生/普通客片","容易","常规沟通和审美匹配风险","姿势引导","199-399","中","适合作为检索补充或局部灵感。","local-private-reference","medium-shot","static","saliency-focus","shot-planning","条目 8 - 姿势/引导摄影参考","条目 8；姿势/引导；摄影参考；人像摄影；拍摄姿势；moodboard","从 Obsidian 表格抽取；建议复核原链接后补充作品截图、视频链接和授权备注。","待复核","中"
"小清新少女风拍摄手册-条目-9-9","条目 9","obsidian_table_row","姿势/引导","Obsidian","","摄影姿势库/拍摄指南/小清新少女风拍摄手册.md","","","**总计** / **约70分钟** / 实际拍30-40分钟","","条目 9 姿势/引导；条目 9 摄影参考；姿势/引导 人像拍摄； pose reference","通用人像场景","单人女生/普通客片","容易","常规沟通和审美匹配风险","姿势引导","199-399","中","适合作为检索补充或局部灵感。","local-private-reference","medium-shot","static","saliency-focus","shot-planning","条目 9 - 姿势/引导摄影参考","条目 9；姿势/引导；摄影参考；人像摄影；拍摄姿势；moodboard","从 Obsidian 表格抽取；建议复核原链接后补充作品截图、视频链接和授权备注。","待复核","中"
"小清新少女风拍摄手册-单手托腮-10","单手托腮","obsidian_table_row","姿势/引导","Obsidian","","摄影姿势库/拍摄指南/小清新少女风拍摄手册.md","","","单手托腮 / ""手肘撑在膝盖上，手托着脸，歪头""","","单手托腮 姿势/引导；单手托腮 摄影参考；姿势/引导 人像拍摄； pose reference","通用人像场景","单人女生/普通客片","容易","常规沟通和审美匹配风险","姿势引导","199-399","中","适合作为检索补充或局部灵感。","local-private-reference","close-up","static","saliency-focus","shot-planning","单手托腮 - 姿势/引导摄影参考","单手托腮；姿势/引导；摄影参考；人像摄影；拍摄姿势；moodboard","从 Obsidian 表格抽取；建议复核原链接后补充作品截图、视频链接和授权备注。","待复核","中"
"小清新少女风拍摄手册-双手托腮-11","双手托腮","obsidian_table_row","姿势/引导","Obsidian","","摄影姿势库/拍摄指南/小清新少女风拍摄手册.md","","","双手托腮 / ""两只手托着脸，肩膀放松，低头笑一下""","","双手托腮 姿势/引导；双手托腮 摄影参考；姿势/引导 人像拍摄； pose reference","通用人像场景","单人女生/普通客片","容易","常规沟通和审美匹配风险","姿势引导","199-399","中","适合作为检索补充或局部灵感。","local-private-reference","close-up","static","saliency-focus","shot-planning","双手托腮 - 姿势/引导摄影参考","双手托腮；姿势/引导；摄影参考；人像摄影；拍摄姿势；moodboard","从 Obsidian 表格抽取；建议复核原链接后补充作品截图、视频链接和授权备注。","待复核","中"
"小清新少女风拍摄手册-捏下巴-12","捏下巴","obsidian_table_row","姿势/引导","Obsidian","","摄影姿势库/拍摄指南/小清新少女风拍摄手册.md","","","捏下巴 / ""手指捏着下巴，头抬一点，对——好""","","捏下巴 姿势/引导；捏下巴 摄影参考；姿势/引导 人像拍摄； pose reference","通用人像场景","单人女生/普通客片","容易","常规沟通和审美匹配风险","姿势引导","199-399","中","适合作为检索补充或局部灵感。","local-private-reference","medium-shot","static","saliency-focus","shot-planning","捏下巴 - 姿势/引导摄影参考","捏下巴；姿势/引导；摄影参考；人像摄影；拍摄姿势；moodboard","从 Obsidian 表格抽取；建议复核原链接后补充作品截图、视频链接和授权备注。","待复核","中"
"小清新少女风拍摄手册-摸额头-13","摸额头","obsidian_table_row","姿势/引导","Obsidian","","摄影姿势库/拍摄指南/小清新少女风拍摄手册.md","","","摸额头 / ""手摸一下额头，像在发呆——好""","","摸额头 姿势/引导；摸额头 摄影参考；姿势/引导 人像拍摄； pose reference","通用人像场景","单人女生/普通客片","容易","常规沟通和审美匹配风险","姿势引导","199-399","中","适合作为检索补充或局部灵感。","local-private-reference","medium-shot","static","saliency-focus","shot-planning","摸额头 - 姿势/引导摄影参考","摸额头；姿势/引导；摄影参考；人像摄影；拍摄姿势；moodboard","从 Obsidian 表格抽取；建议复核原链接后补充作品截图、视频链接和授权备注。","待复核","中"
"小清新少女风拍摄手册-撩头发-14","撩头发","obsidian_table_row","姿势/引导","Obsidian","","摄影姿势库/拍摄指南/小清新少女风拍摄手册.md","","","撩头发 / ""手从额头慢慢撩到发尾，眼睛看上方——对——再来一次""","","撩头发 姿势/引导；撩头发 摄影参考；姿势/引导 人像拍摄； pose reference","通用人像场景","单人女生/普通客片","容易","常规沟通和审美匹配风险","姿势引导","199-399","中","适合作为检索补充或局部灵感。","local-private-reference","medium-shot","static","saliency-focus","shot-planning","撩头发 - 姿势/引导摄影参考","撩头发；姿势/引导；摄影参考；人像摄影；拍摄姿势；moodboard","从 Obsidian 表格抽取；建议复核原链接后补充作品截图、视频链接和授权备注。","待复核","中"
"小清新少女风拍摄手册-摸后脑勺-15","摸后脑勺","obsidian_table_row","姿势/引导","Obsidian","","摄影姿势库/拍摄指南/小清新少女风拍摄手册.md","","","摸后脑勺 / ""手摸一下后脑勺，歪头看镜头""","","摸后脑勺 姿势/引导；摸后脑勺 摄影参考；姿势/引导 人像拍摄； pose reference","通用人像场景","单人女生/普通客片","容易","常规沟通和审美匹配风险","姿势引导；构图镜头","199-399","中","适合作为检索补充或局部灵感。","local-private-reference","medium-shot","static","saliency-focus","shot-planning","摸后脑勺 - 姿势/引导摄影参考","摸后脑勺；姿势/引导；摄影参考；人像摄影；拍摄姿势；moodboard","从 Obsidian 表格抽取；建议复核原链接后补充作品截图、视频链接和授权备注。","待复核","中"
"小清新少女风拍摄手册-编发-玩头发-16","编发/玩头发","obsidian_table_row","姿势/引导","Obsidian","","摄影姿势库/拍摄指南/小清新少女风拍摄手册.md","","","编发/玩头发 / ""可以玩一下头发，手指这样拨——对——好""","","编发/玩头发 姿势/引导；编发/玩头发 摄影参考；姿势/引导 人像拍摄； pose reference","通用人像场景","单人女生/普通客片","容易","常规沟通和审美匹配风险","姿势引导","199-399","中","适合作为检索补充或局部灵感。","local-private-reference","medium-shot","static","saliency-focus","shot-planning","编发/玩头发 - 姿势/引导摄影参考","编发/玩头发；姿势/引导；摄影参考；人像摄影；拍摄姿势；moodboard","从 Obsidian 表格抽取；建议复核原链接后补充作品截图、视频链接和授权备注。","待复核","中"
"小清新少女风拍摄手册-拿花-17","拿花","obsidian_table_row","姿势/引导","Obsidian","","摄影姿势库/拍摄指南/小清新少女风拍摄手册.md","","","拿花 / ""把花拿到胸前，低头闻一下——笑了——好""","","拿花 姿势/引导；拿花 摄影参考；姿势/引导 人像拍摄； pose reference","通用人像场景","单人女生/普通客片","容易","常规沟通和审美匹配风险","姿势引导","199-399","中","适合作为检索补充或局部灵感。","local-private-reference","medium-shot","static","saliency-focus","shot-planning","拿花 - 姿势/引导摄影参考","拿花；姿势/引导；摄影参考；人像摄影；拍摄姿势；moodboard","从 Obsidian 表格抽取；建议复核原链接后补充作品截图、视频链接和授权备注。","待复核","中"
"小清新少女风拍摄手册-拿书-18","拿书","obsidian_table_row","姿势/引导","Obsidian","","摄影姿势库/拍摄指南/小清新少女风拍摄手册.md","","","拿书 / ""书抱在胸前，头靠书上，眼神放空""","","拿书 姿势/引导；拿书 摄影参考；姿势/引导 人像拍摄； pose reference","通用人像场景","单人女生/普通客片","容易","常规沟通和审美匹配风险","姿势引导","199-399","中","适合作为检索补充或局部灵感。","local-private-reference","medium-shot","static","saliency-focus","shot-planning","拿书 - 姿势/引导摄影参考","拿书；姿势/引导；摄影参考；人像摄影；拍摄姿势；moodboard","从 Obsidian 表格抽取；建议复核原链接后补充作品截图、视频链接和授权备注。","待复核","中"
"小清新少女风拍摄手册-拿咖啡-19","拿咖啡","obsidian_table_row","姿势/引导","Obsidian","","摄影姿势库/拍摄指南/小清新少女风拍摄手册.md","","","拿咖啡 / ""杯子端到嘴边，喝一口——好——再喝一口""","","拿咖啡 姿势/引导；拿咖啡 摄影参考；姿势/引导 人像拍摄； pose reference","通用人像场景","单人女生/普通客片","容易","常规沟通和审美匹配风险","姿势引导","199-399","中","适合作为检索补充或局部灵感。","local-private-reference","medium-shot","static","saliency-focus","shot-planning","拿咖啡 - 姿势/引导摄影参考","拿咖啡；姿势/引导；摄影参考；人像摄影；拍摄姿势；moodboard","从 Obsidian 表格抽取；建议复核原链接后补充作品截图、视频链接和授权备注。","待复核","中"
"小清新少女风拍摄手册-拿气球-20","拿气球","obsidian_table_row","姿势/引导","Obsidian","","摄影姿势库/拍摄指南/小清新少女风拍摄手册.md","","","拿气球 / ""气球举高，头看上面——对——笑""","","拿气球 姿势/引导；拿气球 摄影参考；姿势/引导 人像拍摄； pose reference","通用人像场景","单人女生/普通客片","容易","常规沟通和审美匹配风险","姿势引导","199-399","中","适合作为检索补充或局部灵感。","local-private-reference","medium-shot","static","saliency-focus","shot-planning","拿气球 - 姿势/引导摄影参考","拿气球；姿势/引导；摄影参考；人像摄影；拍摄姿势；moodboard","从 Obsidian 表格抽取；建议复核原链接后补充作品截图、视频链接和授权备注。","待复核","中"
"小清新少女风拍摄手册-拿耳机-21","拿耳机","obsidian_table_row","姿势/引导","Obsidian","","摄影姿势库/拍摄指南/小清新少女风拍摄手册.md","","","拿耳机 / ""戴上耳机，听音乐，头微微歪——好""","","拿耳机 姿势/引导；拿耳机 摄影参考；姿势/引导 人像拍摄； pose reference","通用人像场景","单人女生/普通客片","容易","常规沟通和审美匹配风险","姿势引导","199-399","中","适合作为检索补充或局部灵感。","local-private-reference","medium-shot","static","saliency-focus","shot-planning","拿耳机 - 姿势/引导摄影参考","拿耳机；姿势/引导；摄影参考；人像摄影；拍摄姿势；moodboard","从 Obsidian 表格抽取；建议复核原链接后补充作品截图、视频链接和授权备注。","待复核","中"
"小清新少女风拍摄手册-插兜-22","插兜","obsidian_table_row","姿势/引导","Obsidian","","摄影姿势库/拍摄指南/小清新少女风拍摄手册.md","","","插兜 / ""手插口袋，肩膀放松，身体微侧""","","插兜 姿势/引导；插兜 摄影参考；姿势/引导 人像拍摄； pose reference","通用人像场景","单人女生/普通客片","容易","常规沟通和审美匹配风险","姿势引导","199-399","中","适合作为检索补充或局部灵感。","local-private-reference","medium-shot","static","saliency-focus","shot-planning","插兜 - 姿势/引导摄影参考","插兜；姿势/引导；摄影参考；人像摄影；拍摄姿势；moodboard","从 Obsidian 表格抽取；建议复核原链接后补充作品截图、视频链接和授权备注。","待复核","中"
"小清新少女风拍摄手册-叉腰-23","叉腰","obsidian_table_row","姿势/引导","Obsidian","","摄影姿势库/拍摄指南/小清新少女风拍摄手册.md","","","叉腰 / ""双手叉腰，肩膀打开，头歪一点""","","叉腰 姿势/引导；叉腰 摄影参考；姿势/引导 人像拍摄； pose reference","通用人像场景","单人女生/普通客片","容易","常规沟通和审美匹配风险","姿势引导","199-399","中","适合作为检索补充或局部灵感。","local-private-reference","medium-shot","static","saliency-focus","shot-planning","叉腰 - 姿势/引导摄影参考","叉腰；姿势/引导；摄影参考；人像摄影；拍摄姿势；moodboard","从 Obsidian 表格抽取；建议复核原链接后补充作品截图、视频链接和授权备注。","待复核","中"
"小清新少女风拍摄手册-抱胳膊-24","抱胳膊","obsidian_table_row","姿势/引导","Obsidian","","摄影姿势库/拍摄指南/小清新少女风拍摄手册.md","","","抱胳膊 / ""双手抱着胳膊，下巴放手臂上——好""","","抱胳膊 姿势/引导；抱胳膊 摄影参考；姿势/引导 人像拍摄； pose reference","通用人像场景","单人女生/普通客片","容易","常规沟通和审美匹配风险","姿势引导","199-399","中","适合作为检索补充或局部灵感。","local-private-reference","medium-shot","static","saliency-focus","shot-planning","抱胳膊 - 姿势/引导摄影参考","抱胳膊；姿势/引导；摄影参考；人像摄影；拍摄姿势；moodboard","从 Obsidian 表格抽取；建议复核原链接后补充作品截图、视频链接和授权备注。","待复核","中"
"小清新少女风拍摄手册-摸脖子-25","摸脖子","obsidian_table_row","姿势/引导","Obsidian","","摄影姿势库/拍摄指南/小清新少女风拍摄手册.md","","","摸脖子 / ""手摸脖子，头微微低，看右边——好""","","摸脖子 姿势/引导；摸脖子 摄影参考；姿势/引导 人像拍摄； pose reference","通用人像场景","单人女生/普通客片","容易","常规沟通和审美匹配风险","姿势引导","199-399","中","适合作为检索补充或局部灵感。","local-private-reference","medium-shot","static","saliency-focus","shot-planning","摸脖子 - 姿势/引导摄影参考","摸脖子；姿势/引导；摄影参考；人像摄影；拍摄姿势；moodboard","从 Obsidian 表格抽取；建议复核原链接后补充作品截图、视频链接和授权备注。","待复核","中"
"小清新少女风拍摄手册-条目-26-26","条目 26","obsidian_table_row","姿势/引导","Obsidian","","摄影姿势库/拍摄指南/小清新少女风拍摄手册.md","","","低头看手 / 温柔内敛 / ""低头看手，像在想事情""","","条目 26 姿势/引导；条目 26 摄影参考；姿势/引导 人像拍摄； pose reference","通用人像场景","单人女生/普通客片","容易","常规沟通和审美匹配风险","姿势引导","199-399","中","适合作为检索补充或局部灵感。","local-private-reference","medium-shot","static","saliency-focus","shot-planning","条目 26 - 姿势/引导摄影参考","条目 26；姿势/引导；摄影参考；人像摄影；拍摄姿势；moodboard","从 Obsidian 表格抽取；建议复核原链接后补充作品截图、视频链接和授权备注。","待复核","中"
"小清新少女风拍摄手册-条目-27-27","条目 27","obsidian_table_row","姿势/引导","Obsidian","","摄影姿势库/拍摄指南/小清新少女风拍摄手册.md","","","低头看地 / 害羞感 / ""头低一点，眼睛看地下，嘴角微微笑""","","条目 27 姿势/引导；条目 27 摄影参考；姿势/引导 人像拍摄； pose reference","通用人像场景","单人女生/普通客片","容易","常规沟通和审美匹配风险","姿势引导","199-399","中","适合作为检索补充或局部灵感。","local-private-reference","medium-shot","static","saliency-focus","shot-planning","条目 27 - 姿势/引导摄影参考","条目 27；姿势/引导；摄影参考；人像摄影；拍摄姿势；moodboard","从 Obsidian 表格抽取；建议复核原链接后补充作品截图、视频链接和授权备注。","待复核","中"
"小清新少女风拍摄手册-条目-28-28","条目 28","obsidian_table_row","姿势/引导","Obsidian","","摄影姿势库/拍摄指南/小清新少女风拍摄手册.md","","","低头侧看 / 故事感 / ""头低，眼睛往右下方看——好""","","条目 28 姿势/引导；条目 28 摄影参考；姿势/引导 人像拍摄； pose reference","通用人像场景","单人女生/普通客片","容易","常规沟通和审美匹配风险","姿势引导","199-399","中","适合作为检索补充或局部灵感。","local-private-reference","medium-shot","static","saliency-focus","shot-planning","条目 28 - 姿势/引导摄影参考","条目 28；姿势/引导；摄影参考；人像摄影；拍摄姿势；moodboard","从 Obsidian 表格抽取；建议复核原链接后补充作品截图、视频链接和授权备注。","待复核","中"
"小清新少女风拍摄手册-条目-29-29","条目 29","obsidian_table_row","姿势/引导","Obsidian","","摄影姿势库/拍摄指南/小清新少女风拍摄手册.md","","","仰头看天 / 清新感 / ""头抬起来，看天上——好——笑""","","条目 29 姿势/引导；条目 29 摄影参考；姿势/引导 人像拍摄； pose reference","通用人像场景","单人女生/普通客片","容易","常规沟通和审美匹配风险","姿势引导","199-399","中","适合作为检索补充或局部灵感。","local-private-reference","medium-shot","static","saliency-focus","shot-planning","条目 29 - 姿势/引导摄影参考","条目 29；姿势/引导；摄影参考；人像摄影；拍摄姿势；moodboard","从 Obsidian 表格抽取；建议复核原链接后补充作品截图、视频链接和授权备注。","待复核","中"
"小清新少女风拍摄手册-条目-30-30","条目 30","obsidian_table_row","姿势/引导","Obsidian","","摄影姿势库/拍摄指南/小清新少女风拍摄手册.md","","","仰头看镜头 / 活泼感 / ""下巴抬起来，眼睛看我——对——好""","","条目 30 姿势/引导；条目 30 摄影参考；姿势/引导 人像拍摄； pose reference","通用人像场景","单人女生/普通客片","容易","常规沟通和审美匹配风险","姿势引导；构图镜头","199-399","中","适合作为检索补充或局部灵感。","local-private-reference","medium-shot","static","saliency-focus","shot-planning","条目 30 - 姿势/引导摄影参考","条目 30；姿势/引导；摄影参考；人像摄影；拍摄姿势；moodboard","从 Obsidian 表格抽取；建议复核原链接后补充作品截图、视频链接和授权备注。","待复核","中"
"小清新少女风拍摄手册-条目-31-31","条目 31","obsidian_table_row","姿势/引导","Obsidian","","摄影姿势库/拍摄指南/小清新少女风拍摄手册.md","","","仰头侧看 / 灵动 / ""头后仰一点，眼睛往上看——好""","","条目 31 姿势/引导；条目 31 摄影参考；姿势/引导 人像拍摄； pose reference","通用人像场景","单人女生/普通客片","容易","常规沟通和审美匹配风险","姿势引导","199-399","中","适合作为检索补充或局部灵感。","local-private-reference","medium-shot","static","saliency-focus","shot-planning","条目 31 - 姿势/引导摄影参考","条目 31；姿势/引导；摄影参考；人像摄影；拍摄姿势；moodboard","从 Obsidian 表格抽取；建议复核原链接后补充作品截图、视频链接和授权备注。","待复核","中"
"小清新少女风拍摄手册-条目-32-32","条目 32","obsidian_table_row","姿势/引导","Obsidian","","摄影姿势库/拍摄指南/小清新少女风拍摄手册.md","","","歪头看镜头 / 可爱 / ""头歪一点，眼睛看镜头——笑了——好""","","条目 32 姿势/引导；条目 32 摄影参考；姿势/引导 人像拍摄； pose reference","通用人像场景","单人女生/普通客片","容易","常规沟通和审美匹配风险","姿势引导；构图镜头","199-399","中","适合作为检索补充或局部灵感。","local-private-reference","medium-shot","static","saliency-focus","shot-planning","条目 32 - 姿势/引导摄影参考","条目 32；姿势/引导；摄影参考；人像摄影；拍摄姿势；moodboard","从 Obsidian 表格抽取；建议复核原链接后补充作品截图、视频链接和授权备注。","待复核","中"
"小清新少女风拍摄手册-条目-33-33","条目 33","obsidian_table_row","姿势/引导","Obsidian","","摄影姿势库/拍摄指南/小清新少女风拍摄手册.md","","","歪头看远方 / 文艺 / ""头歪，看向远方——对——好""","","条目 33 姿势/引导；条目 33 摄影参考；姿势/引导 人像拍摄； pose reference","通用人像场景","单人女生/普通客片","容易","常规沟通和审美匹配风险","姿势引导","199-399","中","适合作为检索补充或局部灵感。","local-private-reference","medium-shot","static","saliency-focus","shot-planning","条目 33 - 姿势/引导摄影参考","条目 33；姿势/引导；摄影参考；人像摄影；拍摄姿势；moodboard","从 Obsidian 表格抽取；建议复核原链接后补充作品截图、视频链接和授权备注。","待复核","中"
"小清新少女风拍摄手册-条目-34-34","条目 34","obsidian_table_row","姿势/引导","Obsidian","","摄影姿势库/拍摄指南/小清新少女风拍摄手册.md","","","歪头不看镜头 / 神秘感 / ""头歪，眼睛看那边，别看镜头——好""","","条目 34 姿势/引导；条目 34 摄影参考；姿势/引导 人像拍摄； pose reference","通用人像场景","单人女生/普通客片","容易","常规沟通和审美匹配风险","姿势引导；构图镜头","199-399","中","适合作为检索补充或局部灵感。","local-private-reference","medium-shot","static","saliency-focus","shot-planning","条目 34 - 姿势/引导摄影参考","条目 34；姿势/引导；摄影参考；人像摄影；拍摄姿势；moodboard","从 Obsidian 表格抽取；建议复核原链接后补充作品截图、视频链接和授权备注。","待复核","中"
"小清新少女风拍摄手册-条目-35-35","条目 35","obsidian_table_row","姿势/引导","Obsidian","","摄影姿势库/拍摄指南/小清新少女风拍摄手册.md","","","背对回头 / ""背对我，慢慢转头回头——对——笑——好""","","条目 35 姿势/引导；条目 35 摄影参考；姿势/引导 人像拍摄； pose reference","通用人像场景","单人女生/普通客片","容易","常规沟通和审美匹配风险","姿势引导","199-399","中","适合作为检索补充或局部灵感。","local-private-reference","medium-shot","static","saliency-focus","shot-planning","条目 35 - 姿势/引导摄影参考","条目 35；姿势/引导；摄影参考；人像摄影；拍摄姿势；moodboard","从 Obsidian 表格抽取；建议复核原链接后补充作品截图、视频链接和授权备注。","待复核","中"
"小清新少女风拍摄手册-条目-36-36","条目 36","obsidian_table_row","姿势/引导","Obsidian","","摄影姿势库/拍摄指南/小清新少女风拍摄手册.md","","","侧身回眸 / ""身体侧过来，头慢慢转过来看镜头——好""","","条目 36 姿势/引导；条目 36 摄影参考；姿势/引导 人像拍摄； pose reference","通用人像场景","单人女生/普通客片","容易","常规沟通和审美匹配风险","姿势引导；构图镜头","199-399","中","适合作为检索补充或局部灵感。","local-private-reference","medium-shot","static","saliency-focus","shot-planning","条目 36 - 姿势/引导摄影参考","条目 36；姿势/引导；摄影参考；人像摄影；拍摄姿势；moodboard","从 Obsidian 表格抽取；建议复核原链接后补充作品截图、视频链接和授权备注。","待复核","中"
"小清新少女风拍摄手册-条目-37-37","条目 37","obsidian_table_row","姿势/引导","Obsidian","","摄影姿势库/拍摄指南/小清新少女风拍摄手册.md","","","走动回眸 / ""往前走，走到那边回头——对——好——再来""","","条目 37 姿势/引导；条目 37 摄影参考；姿势/引导 人像拍摄； pose reference","通用人像场景","单人女生/普通客片","容易","常规沟通和审美匹配风险","姿势引导","199-399","中","适合作为检索补充或局部灵感。","local-private-reference","long-shot","travelling-in","saliency-focus","shot-planning","条目 37 - 姿势/引导摄影参考","条目 37；姿势/引导；摄影参考；人像摄影；拍摄姿势；moodboard","从 Obsidian 表格抽取；建议复核原链接后补充作品截图、视频链接和授权备注。","待复核","中"
"小清新少女风拍摄手册-重心放后脚-38","重心放后脚","obsidian_table_row","姿势/引导","Obsidian","","摄影姿势库/拍摄指南/小清新少女风拍摄手册.md","","","重心放后脚 / ""脚前后站，重心放后脚，前面那只脚踮起来""","","重心放后脚 姿势/引导；重心放后脚 摄影参考；姿势/引导 人像拍摄； pose reference","通用人像场景","单人女生/普通客片","容易","常规沟通和审美匹配风险","姿势引导","199-399","中","适合作为检索补充或局部灵感。","local-private-reference","long-shot","static","saliency-focus","shot-planning","重心放后脚 - 姿势/引导摄影参考","重心放后脚；姿势/引导；摄影参考；人像摄影；拍摄姿势；moodboard","从 Obsidian 表格抽取；建议复核原链接后补充作品截图、视频链接和授权备注。","待复核","中"
"小清新少女风拍摄手册-重心放前脚-39","重心放前脚","obsidian_table_row","姿势/引导","Obsidian","","摄影姿势库/拍摄指南/小清新少女风拍摄手册.md","","","重心放前脚 / ""脚前后站，重心放前脚，后脚踮起来""","","重心放前脚 姿势/引导；重心放前脚 摄影参考；姿势/引导 人像拍摄； pose reference","通用人像场景","单人女生/普通客片","容易","常规沟通和审美匹配风险","姿势引导","199-399","中","适合作为检索补充或局部灵感。","local-private-reference","long-shot","static","saliency-focus","shot-planning","重心放前脚 - 姿势/引导摄影参考","重心放前脚；姿势/引导；摄影参考；人像摄影；拍摄姿势；moodboard","从 Obsidian 表格抽取；建议复核原链接后补充作品截图、视频链接和授权备注。","待复核","中"
"小清新少女风拍摄手册-重心居中-40","重心居中","obsidian_table_row","姿势/引导","Obsidian","","摄影姿势库/拍摄指南/小清新少女风拍摄手册.md","","","重心居中 / ""双脚分开与肩同宽，膝盖放松""","","重心居中 姿势/引导；重心居中 摄影参考；姿势/引导 人像拍摄； pose reference","通用人像场景","单人女生/普通客片","容易","常规沟通和审美匹配风险","姿势引导","199-399","中","适合作为检索补充或局部灵感。","local-private-reference","medium-shot","static","center","shot-planning","重心居中 - 姿势/引导摄影参考","重心居中；姿势/引导；摄影参考；人像摄影；拍摄姿势；moodboard","从 Obsidian 表格抽取；建议复核原链接后补充作品截图、视频链接和授权备注。","待复核","中"
"小清新少女风拍摄手册-靠墙-41","靠墙","obsidian_table_row","姿势/引导","Obsidian","","摄影姿势库/拍摄指南/小清新少女风拍摄手册.md","","","靠墙 / ""背靠墙，肩膀往下沉，手插口袋，头歪一点""","","靠墙 姿势/引导；靠墙 摄影参考；姿势/引导 人像拍摄； pose reference","通用人像场景","单人女生/普通客片","容易","常规沟通和审美匹配风险","姿势引导","199-399","中","适合作为检索补充或局部灵感。","local-private-reference","medium-shot","static","saliency-focus","shot-planning","靠墙 - 姿势/引导摄影参考","靠墙；姿势/引导；摄影参考；人像摄影；拍摄姿势；moodboard","从 Obsidian 表格抽取；建议复核原链接后补充作品截图、视频链接和授权备注。","待复核","中"
"小清新少女风拍摄手册-靠栏杆-42","靠栏杆","obsidian_table_row","姿势/引导","Obsidian","","摄影姿势库/拍摄指南/小清新少女风拍摄手册.md","","","靠栏杆 / ""手肘搭在栏杆上，身体往前倾一点——对""","","靠栏杆 姿势/引导；靠栏杆 摄影参考；姿势/引导 人像拍摄； pose reference","通用人像场景","单人女生/普通客片","容易","常规沟通和审美匹配风险","姿势引导","199-399","中","适合作为检索补充或局部灵感。","local-private-reference","medium-shot","static","saliency-focus","shot-planning","靠栏杆 - 姿势/引导摄影参考","靠栏杆；姿势/引导；摄影参考；人像摄影；拍摄姿势；moodboard","从 Obsidian 表格抽取；建议复核原链接后补充作品截图、视频链接和授权备注。","待复核","中"
"小清新少女风拍摄手册-靠树-43","靠树","obsidian_table_row","姿势/引导","Obsidian","","摄影姿势库/拍摄指南/小清新少女风拍摄手册.md","","","靠树 / ""背靠树，一只手放树上，头微微低——好""","","靠树 姿势/引导；靠树 摄影参考；姿势/引导 人像拍摄； pose reference","通用人像场景","单人女生/普通客片","容易","常规沟通和审美匹配风险","姿势引导","199-399","中","适合作为检索补充或局部灵感。","local-private-reference","medium-shot","static","saliency-focus","shot-planning","靠树 - 姿势/引导摄影参考","靠树；姿势/引导；摄影参考；人像摄影；拍摄姿势；moodboard","从 Obsidian 表格抽取；建议复核原链接后补充作品截图、视频链接和授权备注。","待复核","中"
"小清新少女风拍摄手册-蹲着靠-44","蹲着靠","obsidian_table_row","姿势/引导","Obsidian","","摄影姿势库/拍摄指南/小清新少女风拍摄手册.md","","","蹲着靠 / ""蹲下来，手撑在膝盖上，头歪——好""","","蹲着靠 姿势/引导；蹲着靠 摄影参考；姿势/引导 人像拍摄； pose reference","通用人像场景","单人女生/普通客片","容易","常规沟通和审美匹配风险","姿势引导","199-399","中","适合作为检索补充或局部灵感。","local-private-reference","medium-shot","static","saliency-focus","shot-planning","蹲着靠 - 姿势/引导摄影参考","蹲着靠；姿势/引导；摄影参考；人像摄影；拍摄姿势；moodboard","从 Obsidian 表格抽取；建议复核原链接后补充作品截图、视频链接和授权备注。","待复核","中"
"小清新少女风拍摄手册-自然走-45","自然走","obsidian_table_row","姿势/引导","Obsidian","","摄影姿势库/拍摄指南/小清新少女风拍摄手册.md","","","自然走 / ""往前走，慢一点，肩膀放松——对——好""","","自然走 姿势/引导；自然走 摄影参考；姿势/引导 人像拍摄； pose reference","通用人像场景","单人女生/普通客片","容易","常规沟通和审美匹配风险","姿势引导","199-399","中","适合作为检索补充或局部灵感。","local-private-reference","long-shot","static","saliency-focus","shot-planning","自然走 - 姿势/引导摄影参考","自然走；姿势/引导；摄影参考；人像摄影；拍摄姿势；moodboard","从 Obsidian 表格抽取；建议复核原链接后补充作品截图、视频链接和授权备注。","待复核","中"
"小清新少女风拍摄手册-走楼梯-46","走楼梯","obsidian_table_row","姿势/引导","Obsidian","","摄影姿势库/拍摄指南/小清新少女风拍摄手册.md","","","走楼梯 / ""走楼梯，手扶栏杆，头歪一点看镜头""","","走楼梯 姿势/引导；走楼梯 摄影参考；姿势/引导 人像拍摄； pose reference","通用人像场景","单人女生/普通客片","容易","常规沟通和审美匹配风险","姿势引导；构图镜头","199-399","中","适合作为检索补充或局部灵感。","local-private-reference","long-shot","static","saliency-focus","shot-planning","走楼梯 - 姿势/引导摄影参考","走楼梯；姿势/引导；摄影参考；人像摄影；拍摄姿势；moodboard","从 Obsidian 表格抽取；建议复核原链接后补充作品截图、视频链接和授权备注。","待复核","中"
"小清新少女风拍摄手册-边走边回头-47","边走边回头","obsidian_table_row","姿势/引导","Obsidian","","摄影姿势库/拍摄指南/小清新少女风拍摄手册.md","","","边走边回头 / ""往前走，到那边回头看我——对——好""","","边走边回头 姿势/引导；边走边回头 摄影参考；姿势/引导 人像拍摄； pose reference","通用人像场景","单人女生/普通客片","容易","常规沟通和审美匹配风险","姿势引导","199-399","中","适合作为检索补充或局部灵感。","local-private-reference","long-shot","static","saliency-focus","shot-planning","边走边回头 - 姿势/引导摄影参考","边走边回头；姿势/引导；摄影参考；人像摄影；拍摄姿势；moodboard","从 Obsidian 表格抽取；建议复核原链接后补充作品截图、视频链接和授权备注。","待复核","中"
"小清新少女风拍摄手册-坐台阶正面-48","坐台阶正面","obsidian_table_row","姿势/引导","Obsidian","","摄影姿势库/拍摄指南/小清新少女风拍摄手册.md","","","坐台阶正面 / ""坐好，双腿自然垂下，手放膝盖上，看镜头——好""","","坐台阶正面 姿势/引导；坐台阶正面 摄影参考；姿势/引导 人像拍摄； pose reference","通用人像场景","单人女生/普通客片","容易","常规沟通和审美匹配风险","姿势引导；构图镜头","199-399","中","适合作为检索补充或局部灵感。","local-private-reference","medium-shot","static","saliency-focus","shot-planning","坐台阶正面 - 姿势/引导摄影参考","坐台阶正面；姿势/引导；摄影参考；人像摄影；拍摄姿势；moodboard","从 Obsidian 表格抽取；建议复核原链接后补充作品截图、视频链接和授权备注。","待复核","中"
"小清新少女风拍摄手册-坐台阶侧身-49","坐台阶侧身","obsidian_table_row","姿势/引导","Obsidian","","摄影姿势库/拍摄指南/小清新少女风拍摄手册.md","","","坐台阶侧身 / ""侧着坐，腿前后放，一手撑身后，回头看镜头""","","坐台阶侧身 姿势/引导；坐台阶侧身 摄影参考；姿势/引导 人像拍摄； pose reference","通用人像场景","单人女生/普通客片","容易","常规沟通和审美匹配风险","姿势引导；构图镜头","199-399","中","适合作为检索补充或局部灵感。","local-private-reference","medium-shot","static","saliency-focus","shot-planning","坐台阶侧身 - 姿势/引导摄影参考","坐台阶侧身；姿势/引导；摄影参考；人像摄影；拍摄姿势；moodboard","从 Obsidian 表格抽取；建议复核原链接后补充作品截图、视频链接和授权备注。","待复核","中"
"小清新少女风拍摄手册-坐椅子靠背-50","坐椅子靠背","obsidian_table_row","姿势/引导","Obsidian","","摄影姿势库/拍摄指南/小清新少女风拍摄手册.md","","","坐椅子靠背 / ""坐椅子上，背靠着，手放扶手，头歪——好""","","坐椅子靠背 姿势/引导；坐椅子靠背 摄影参考；姿势/引导 人像拍摄； pose reference","通用人像场景","单人女生/普通客片","容易","常规沟通和审美匹配风险","姿势引导","199-399","中","适合作为检索补充或局部灵感。","local-private-reference","medium-shot","static","saliency-focus","shot-planning","坐椅子靠背 - 姿势/引导摄影参考","坐椅子靠背；姿势/引导；摄影参考；人像摄影；拍摄姿势；moodboard","从 Obsidian 表格抽取；建议复核原链接后补充作品截图、视频链接和授权备注。","待复核","中"
"小清新少女风拍摄手册-坐椅子往前-51","坐椅子往前","obsidian_table_row","姿势/引导","Obsidian","","摄影姿势库/拍摄指南/小清新少女风拍摄手册.md","","","坐椅子往前 / ""坐椅子，上半身往前倾，手撑膝盖，看镜头""","","坐椅子往前 姿势/引导；坐椅子往前 摄影参考；姿势/引导 人像拍摄； pose reference","通用人像场景","单人女生/普通客片","容易","常规沟通和审美匹配风险","姿势引导；构图镜头","199-399","中","适合作为检索补充或局部灵感。","local-private-reference","medium-shot","static","saliency-focus","shot-planning","坐椅子往前 - 姿势/引导摄影参考","坐椅子往前；姿势/引导；摄影参考；人像摄影；拍摄姿势；moodboard","从 Obsidian 表格抽取；建议复核原链接后补充作品截图、视频链接和授权备注。","待复核","中"
"小清新少女风拍摄手册-盘腿坐-52","盘腿坐","obsidian_table_row","姿势/引导","Obsidian","","摄影姿势库/拍摄指南/小清新少女风拍摄手册.md","","","盘腿坐 / ""盘腿坐，手放膝盖，头歪——好""","","盘腿坐 姿势/引导；盘腿坐 摄影参考；姿势/引导 人像拍摄； pose reference","通用人像场景","单人女生/普通客片","容易","常规沟通和审美匹配风险","姿势引导","199-399","中","适合作为检索补充或局部灵感。","local-private-reference","medium-shot","static","saliency-focus","shot-planning","盘腿坐 - 姿势/引导摄影参考","盘腿坐；姿势/引导；摄影参考；人像摄影；拍摄姿势；moodboard","从 Obsidian 表格抽取；建议复核原链接后补充作品截图、视频链接和授权备注。","待复核","中"
"小清新少女风拍摄手册-抱膝坐-53","抱膝坐","obsidian_table_row","姿势/引导","Obsidian","","摄影姿势库/拍摄指南/小清新少女风拍摄手册.md","","","抱膝坐 / ""抱膝坐，下巴放膝盖上，眼神放空——好""","","抱膝坐 姿势/引导；抱膝坐 摄影参考；姿势/引导 人像拍摄； pose reference","通用人像场景","单人女生/普通客片","容易","常规沟通和审美匹配风险","姿势引导","199-399","中","适合作为检索补充或局部灵感。","local-private-reference","medium-shot","static","saliency-focus","shot-planning","抱膝坐 - 姿势/引导摄影参考","抱膝坐；姿势/引导；摄影参考；人像摄影；拍摄姿势；moodboard","从 Obsidian 表格抽取；建议复核原链接后补充作品截图、视频链接和授权备注。","待复核","中"
"小清新少女风拍摄手册-侧坐地上-54","侧坐地上","obsidian_table_row","姿势/引导","Obsidian","","摄影姿势库/拍摄指南/小清新少女风拍摄手册.md","","","侧坐地上 / ""侧着坐在地上，腿这样弯，手撑身后——好""","","侧坐地上 姿势/引导；侧坐地上 摄影参考；姿势/引导 人像拍摄； pose reference","通用人像场景","单人女生/普通客片","容易","常规沟通和审美匹配风险","姿势引导","199-399","中","适合作为检索补充或局部灵感。","local-private-reference","medium-shot","static","saliency-focus","shot-planning","侧坐地上 - 姿势/引导摄影参考","侧坐地上；姿势/引导；摄影参考；人像摄影；拍摄姿势；moodboard","从 Obsidian 表格抽取；建议复核原链接后补充作品截图、视频链接和授权备注。","待复核","中"
"小清新少女风拍摄手册-一腿伸直一腿曲-55","一腿伸直一腿曲","obsidian_table_row","姿势/引导","Obsidian","","摄影姿势库/拍摄指南/小清新少女风拍摄手册.md","","","一腿伸直一腿曲 / ""一腿伸直，一腿曲起来，手肘撑地上——好""","","一腿伸直一腿曲 姿势/引导；一腿伸直一腿曲 摄影参考；姿势/引导 人像拍摄； pose reference","通用人像场景","单人女生/普通客片","容易","常规沟通和审美匹配风险","姿势引导","199-399","中","适合作为检索补充或局部灵感。","local-private-reference","medium-shot","static","saliency-focus","shot-planning","一腿伸直一腿曲 - 姿势/引导摄影参考","一腿伸直一腿曲；姿势/引导；摄影参考；人像摄影；拍摄姿势；moodboard","从 Obsidian 表格抽取；建议复核原链接后补充作品截图、视频链接和授权备注。","待复核","中"
"小清新少女风拍摄手册-大字躺-56","大字躺","obsidian_table_row","姿势/引导","Obsidian","","摄影姿势库/拍摄指南/小清新少女风拍摄手册.md","","","大字躺 / ""躺下，手脚伸开，像大字一样——好"" / 确认地面干净","","大字躺 姿势/引导；大字躺 摄影参考；姿势/引导 人像拍摄； pose reference","通用人像场景","单人女生/普通客片","容易","常规沟通和审美匹配风险","姿势引导","199-399","中","适合作为检索补充或局部灵感。","local-private-reference","medium-shot","static","saliency-focus","shot-planning","大字躺 - 姿势/引导摄影参考","大字躺；姿势/引导；摄影参考；人像摄影；拍摄姿势；moodboard","从 Obsidian 表格抽取；建议复核原链接后补充作品截图、视频链接和授权备注。","待复核","中"
"小清新少女风拍摄手册-侧躺-57","侧躺","obsidian_table_row","姿势/引导","Obsidian","","摄影姿势库/拍摄指南/小清新少女风拍摄手册.md","","","侧躺 / ""侧躺，手撑着头，另一只手放身上——好"" / 拍侧脸更好看","","侧躺 姿势/引导；侧躺 摄影参考；姿势/引导 人像拍摄； pose reference","通用人像场景","单人女生/普通客片","容易","常规沟通和审美匹配风险","姿势引导","199-399","中","适合作为检索补充或局部灵感。","local-private-reference","close-up","static","saliency-focus","shot-planning","侧躺 - 姿势/引导摄影参考","侧躺；姿势/引导；摄影参考；人像摄影；拍摄姿势；moodboard","从 Obsidian 表格抽取；建议复核原链接后补充作品截图、视频链接和授权备注。","待复核","中"
"小清新少女风拍摄手册-趴着-58","趴着","obsidian_table_row","姿势/引导","Obsidian","","摄影姿势库/拍摄指南/小清新少女风拍摄手册.md","","","趴着 / ""趴下，手撑下巴，看镜头——笑了——好"" / 女生要小心走光","","趴着 姿势/引导；趴着 摄影参考；姿势/引导 人像拍摄； pose reference","通用人像场景","单人女生/普通客片","容易","常规沟通和审美匹配风险","姿势引导；构图镜头","199-399","中","适合作为检索补充或局部灵感。","local-private-reference","long-shot","static","saliency-focus","shot-planning","趴着 - 姿势/引导摄影参考","趴着；姿势/引导；摄影参考；人像摄影；拍摄姿势；moodboard","从 Obsidian 表格抽取；建议复核原链接后补充作品截图、视频链接和授权备注。","待复核","中"
"小清新少女风拍摄手册-仰头躺-59","仰头躺","obsidian_table_row","姿势/引导","Obsidian","","摄影姿势库/拍摄指南/小清新少女风拍摄手册.md","","","仰头躺 / ""躺下，头微微抬起，看镜头——好"" / 适合拍面部特写","","仰头躺 姿势/引导；仰头躺 摄影参考；姿势/引导 人像拍摄； pose reference","通用人像场景","单人女生/普通客片","容易","常规沟通和审美匹配风险","姿势引导；构图镜头","199-399","中","适合作为检索补充或局部灵感。","local-private-reference","close-up","static","saliency-focus","shot-planning","仰头躺 - 姿势/引导摄影参考","仰头躺；姿势/引导；摄影参考；人像摄影；拍摄姿势；moodboard","从 Obsidian 表格抽取；建议复核原链接后补充作品截图、视频链接和授权备注。","待复核","中"
"小清新少女风拍摄手册-躺靠物体-60","躺靠物体","obsidian_table_row","姿势/引导","Obsidian","","摄影姿势库/拍摄指南/小清新少女风拍摄手册.md","","草地","躺靠物体 / ""靠着躺，手举起来摸头发——好"" / 天台/草地适用","","躺靠物体 姿势/引导 草地；躺靠物体 摄影参考；姿势/引导 人像拍摄；草地 pose reference","草地/公园","单人女生/普通客片","容易","天气和光线不稳定","姿势引导","199-399","中","适合作为检索补充或局部灵感。","local-private-reference","medium-shot","static","saliency-focus","shot-planning","躺靠物体 - 姿势/引导摄影参考","躺靠物体；姿势/引导；草地；摄影参考；人像摄影；拍摄姿势；moodboard","从 Obsidian 表格抽取；建议复核原链接后补充作品截图、视频链接和授权备注。","待复核","中"
"小清新少女风拍摄手册-自然走路-61","自然走路","obsidian_table_row","姿势/引导","Obsidian","","摄影姿势库/拍摄指南/小清新少女风拍摄手册.md","","","自然走路 / ""往前走，慢一点——对——好"" / 连拍","","自然走路 姿势/引导；自然走路 摄影参考；姿势/引导 人像拍摄； pose reference","通用人像场景","单人女生/普通客片","容易","常规沟通和审美匹配风险","姿势引导","199-399","中","适合作为检索补充或局部灵感。","local-private-reference","long-shot","static","saliency-focus","shot-planning","自然走路 - 姿势/引导摄影参考","自然走路；姿势/引导；摄影参考；人像摄影；拍摄姿势；moodboard","从 Obsidian 表格抽取；建议复核原链接后补充作品截图、视频链接和授权备注。","待复核","中"
"小清新少女风拍摄手册-提裙摆走-62","提裙摆走","obsidian_table_row","姿势/引导","Obsidian","","摄影姿势库/拍摄指南/小清新少女风拍摄手册.md","","","提裙摆走 / ""慢慢走，手提一下裙摆——对——好"" / 抓提裙瞬间","","提裙摆走 姿势/引导；提裙摆走 摄影参考；姿势/引导 人像拍摄； pose reference","通用人像场景","单人女生/普通客片","容易","常规沟通和审美匹配风险","姿势引导","199-399","中","适合作为检索补充或局部灵感。","local-private-reference","long-shot","static","saliency-focus","shot-planning","提裙摆走 - 姿势/引导摄影参考","提裙摆走；姿势/引导；摄影参考；人像摄影；拍摄姿势；moodboard","从 Obsidian 表格抽取；建议复核原链接后补充作品截图、视频链接和授权备注。","待复核","中"
"小清新少女风拍摄手册-转圈-63","转圈","obsidian_table_row","姿势/引导","Obsidian","","摄影姿势库/拍摄指南/小清新少女风拍摄手册.md","","","转圈 / ""原地转一圈，裙子转起来——好"" / 裙子飞扬时拍","","转圈 姿势/引导；转圈 摄影参考；姿势/引导 人像拍摄； pose reference","通用人像场景","单人女生/普通客片","容易","常规沟通和审美匹配风险","姿势引导","199-399","中","适合作为检索补充或局部灵感。","local-private-reference","medium-shot","static","saliency-focus","shot-planning","转圈 - 姿势/引导摄影参考","转圈；姿势/引导；摄影参考；人像摄影；拍摄姿势；moodboard","从 Obsidian 表格抽取；建议复核原链接后补充作品截图、视频链接和授权备注。","待复核","中"
"小清新少女风拍摄手册-跳跃-64","跳跃","obsidian_table_row","姿势/引导","Obsidian","","摄影姿势库/拍摄指南/小清新少女风拍摄手册.md","","","跳跃 / ""跳一下试试——对——再来——好"" / 连拍，安全第一","","跳跃 姿势/引导；跳跃 摄影参考；姿势/引导 人像拍摄； pose reference","通用人像场景","单人女生/普通客片","容易","常规沟通和审美匹配风险","姿势引导","199-399","中","适合作为检索补充或局部灵感。","local-private-reference","medium-shot","static","saliency-focus","shot-planning","跳跃 - 姿势/引导摄影参考","跳跃；姿势/引导；摄影参考；人像摄影；拍摄姿势；moodboard","从 Obsidian 表格抽取；建议复核原链接后补充作品截图、视频链接和授权备注。","待复核","中"
"小清新少女风拍摄手册-甩头发-65","甩头发","obsidian_table_row","姿势/引导","Obsidian","","摄影姿势库/拍摄指南/小清新少女风拍摄手册.md","","","甩头发 / ""站好，甩一下头发——好——再来"" / 甩的瞬间抓拍","","甩头发 姿势/引导；甩头发 摄影参考；姿势/引导 人像拍摄； pose reference","通用人像场景","单人女生/普通客片","容易","常规沟通和审美匹配风险","姿势引导","199-399","中","适合作为检索补充或局部灵感。","local-private-reference","long-shot","static","saliency-focus","shot-planning","甩头发 - 姿势/引导摄影参考","甩头发；姿势/引导；摄影参考；人像摄影；拍摄姿势；moodboard","从 Obsidian 表格抽取；建议复核原链接后补充作品截图、视频链接和授权备注。","待复核","中"
"小清新少女风拍摄手册-奔跑-66","奔跑","obsidian_table_row","姿势/引导","Obsidian","","摄影姿势库/拍摄指南/小清新少女风拍摄手册.md","","","奔跑 / ""跑过来，慢一点，到这里停下——好"" / 连拍，安全场地","","奔跑 姿势/引导；奔跑 摄影参考；姿势/引导 人像拍摄； pose reference","通用人像场景","单人女生/普通客片","容易","需要场地许可或低打扰拍摄","姿势引导","199-399","中","适合作为检索补充或局部灵感。","local-private-reference","medium-shot","static","saliency-focus","shot-planning","奔跑 - 姿势/引导摄影参考","奔跑；姿势/引导；摄影参考；人像摄影；拍摄姿势；moodboard","从 Obsidian 表格抽取；建议复核原链接后补充作品截图、视频链接和授权备注。","待复核","中"
"小清新少女风拍摄手册-牵手走-67","牵手走","obsidian_table_row","姿势/引导","Obsidian","","摄影姿势库/拍摄指南/小清新少女风拍摄手册.md","","","牵手走 / ""牵着手往前走，看对方笑——对——好""","","牵手走 姿势/引导；牵手走 摄影参考；姿势/引导 人像拍摄； pose reference","通用人像场景","单人女生/普通客片","容易","常规沟通和审美匹配风险","姿势引导","199-399","中","适合作为检索补充或局部灵感。","local-private-reference","long-shot","static","saliency-focus","shot-planning","牵手走 - 姿势/引导摄影参考","牵手走；姿势/引导；摄影参考；人像摄影；拍摄姿势；moodboard","从 Obsidian 表格抽取；建议复核原链接后补充作品截图、视频链接和授权备注。","待复核","中"
"小清新少女风拍摄手册-背靠背-68","背靠背","obsidian_table_row","姿势/引导","Obsidian","","摄影姿势库/拍摄指南/小清新少女风拍摄手册.md","","","背靠背 / ""背靠背站着，头歪一下——好""","","背靠背 姿势/引导；背靠背 摄影参考；姿势/引导 人像拍摄； pose reference","通用人像场景","单人女生/普通客片","容易","常规沟通和审美匹配风险","姿势引导","199-399","中","适合作为检索补充或局部灵感。","local-private-reference","long-shot","static","saliency-focus","shot-planning","背靠背 - 姿势/引导摄影参考","背靠背；姿势/引导；摄影参考；人像摄影；拍摄姿势；moodboard","从 Obsidian 表格抽取；建议复核原链接后补充作品截图、视频链接和授权备注。","待复核","中"
"小清新少女风拍摄手册-抱一下-69","抱一下","obsidian_table_row","姿势/引导","Obsidian","","摄影姿势库/拍摄指南/小清新少女风拍摄手册.md","","","抱一下 / ""抱一下，笑——好——自然点——好""","","抱一下 姿势/引导；抱一下 摄影参考；姿势/引导 人像拍摄； pose reference","通用人像场景","单人女生/普通客片","容易","常规沟通和审美匹配风险","姿势引导","199-399","中","适合作为检索补充或局部灵感。","local-private-reference","medium-shot","static","saliency-focus","shot-planning","抱一下 - 姿势/引导摄影参考","抱一下；姿势/引导；摄影参考；人像摄影；拍摄姿势；moodboard","从 Obsidian 表格抽取；建议复核原链接后补充作品截图、视频链接和授权备注。","待复核","中"
"小清新少女风拍摄手册-坐在旁边-70","坐在旁边","obsidian_table_row","姿势/引导","Obsidian","","摄影姿势库/拍摄指南/小清新少女风拍摄手册.md","","","坐在旁边 / ""并排坐着，头靠过来——好——笑""","","坐在旁边 姿势/引导；坐在旁边 摄影参考；姿势/引导 人像拍摄； pose reference","通用人像场景","单人女生/普通客片","容易","常规沟通和审美匹配风险","姿势引导","199-399","中","适合作为检索补充或局部灵感。","local-private-reference","medium-shot","static","saliency-focus","shot-planning","坐在旁边 - 姿势/引导摄影参考","坐在旁边；姿势/引导；摄影参考；人像摄影；拍摄姿势；moodboard","从 Obsidian 表格抽取；建议复核原链接后补充作品截图、视频链接和授权备注。","待复核","中"
"小清新少女风拍摄手册-牵手看镜头-71","牵手看镜头","obsidian_table_row","姿势/引导","Obsidian","","摄影姿势库/拍摄指南/小清新少女风拍摄手册.md","","","牵手看镜头 / ""牵着手，看镜头——对了——笑""","","牵手看镜头 姿势/引导；牵手看镜头 摄影参考；姿势/引导 人像拍摄； pose reference","通用人像场景","单人女生/普通客片","容易","常规沟通和审美匹配风险","姿势引导；构图镜头","199-399","中","适合作为检索补充或局部灵感。","local-private-reference","medium-shot","static","saliency-focus","shot-planning","牵手看镜头 - 姿势/引导摄影参考","牵手看镜头；姿势/引导；摄影参考；人像摄影；拍摄姿势；moodboard","从 Obsidian 表格抽取；建议复核原链接后补充作品截图、视频链接和授权备注。","待复核","中"
"doc-摄影姿势库-汉服-园林汉服-00-园林汉服姿势库-md","汉服园林拍照姿势库","obsidian_note","国风/汉服","Obsidian","","摄影姿势库/汉服/园林汉服/00_园林汉服姿势库.md","","汉服；园林；姿势库；拍照参考","汉服园林拍照姿势库 概述 本库收录汉服园林场景的经典拍照姿势，包括站立、回眸、坐姿、倚靠等常见动作。每个姿势包含动作要点、推荐参数和示例图。 姿势目录 姿势 场景 难度 适用主题 站立持花 园林亭台 ⭐⭐ 温婉/书卷气 回眸侧身 廊道/窗前 ⭐⭐ 清冷/仙气 侧坐倚栏 栏杆/假山 ⭐⭐⭐ 慵懒/灵动 抚琴姿态 古亭/石桌 ⭐⭐⭐ 才女/雅致 持扇遮面 回廊/","","汉服园林拍照姿势库 国风/汉服 汉服 园林 姿势库 拍照参考；汉服园林拍照姿势库 摄影参考；国风/汉服 人像拍摄；汉服 园林 姿势库 pose reference","园林/古风室内","汉服模特","中等","妆造/服装/道具影响很大","姿势引导；构图镜头","399-699","高","可直接转化为拍摄选题、姿势引导或成片风格参考。","local-private-reference","medium-shot","static","frame-within-frame；foreground-background-layering","shot-planning","汉服园林拍照姿势库 - 国风/汉服摄影参考","汉服园林拍照姿势库；国风/汉服；汉服；园林；姿势库；拍照参考；摄影参考；人像摄影；拍摄姿势；moodboard","从 Obsidian 笔记抽取，可作为拍摄方案和参考检索的源材料。","本地可用","中"
"00-园林汉服姿势库-站立持花-1","[[站立持花]]","obsidian_table_row","国风/汉服","Obsidian","","摄影姿势库/汉服/园林汉服/00_园林汉服姿势库.md","","汉服；园林；姿势库；拍照参考","[[站立持花]] / 园林亭台 / ⭐⭐ / 温婉/书卷气","","[[站立持花]] 国风/汉服 汉服 园林 姿势库 拍照参考；[[站立持花]] 摄影参考；国风/汉服 人像拍摄；汉服 园林 姿势库 pose reference","园林/古风室内","汉服模特","中等","妆造/服装/道具影响很大","姿势引导","399-699","高","可直接转化为拍摄选题、姿势引导或成片风格参考。","local-private-reference","long-shot","static","saliency-focus","shot-planning","[[站立持花]] - 国风/汉服摄影参考","[[站立持花]]；国风/汉服；汉服；园林；姿势库；拍照参考；摄影参考；人像摄影；拍摄姿势；moodboard","从 Obsidian 表格抽取；建议复核原链接后补充作品截图、视频链接和授权备注。","待复核","中"
"00-园林汉服姿势库-回眸侧身-2","[[回眸侧身]]","obsidian_table_row","国风/汉服","Obsidian","","摄影姿势库/汉服/园林汉服/00_园林汉服姿势库.md","","汉服；园林；姿势库；拍照参考","[[回眸侧身]] / 廊道/窗前 / ⭐⭐ / 清冷/仙气","","[[回眸侧身]] 国风/汉服 汉服 园林 姿势库 拍照参考；[[回眸侧身]] 摄影参考；国风/汉服 人像拍摄；汉服 园林 姿势库 pose reference","园林/古风室内","汉服模特","中等","妆造/服装/道具影响很大","姿势引导","399-699","高","可直接转化为拍摄选题、姿势引导或成片风格参考。","local-private-reference","medium-shot","static","frame-within-frame","shot-planning","[[回眸侧身]] - 国风/汉服摄影参考","[[回眸侧身]]；国风/汉服；汉服；园林；姿势库；拍照参考；摄影参考；人像摄影；拍摄姿势；moodboard","从 Obsidian 表格抽取；建议复核原链接后补充作品截图、视频链接和授权备注。","待复核","中"
"00-园林汉服姿势库-侧坐倚栏-3","[[侧坐倚栏]]","obsidian_table_row","国风/汉服","Obsidian","","摄影姿势库/汉服/园林汉服/00_园林汉服姿势库.md","","汉服；园林；姿势库；拍照参考","[[侧坐倚栏]] / 栏杆/假山 / ⭐⭐⭐ / 慵懒/灵动","","[[侧坐倚栏]] 国风/汉服 汉服 园林 姿势库 拍照参考；[[侧坐倚栏]] 摄影参考；国风/汉服 人像拍摄；汉服 园林 姿势库 pose reference","园林/古风室内","汉服模特","中等","妆造/服装/道具影响很大","姿势引导","399-699","高","可直接转化为拍摄选题、姿势引导或成片风格参考。","local-private-reference","medium-shot","static","saliency-focus","shot-planning","[[侧坐倚栏]] - 国风/汉服摄影参考","[[侧坐倚栏]]；国风/汉服；汉服；园林；姿势库；拍照参考；摄影参考；人像摄影；拍摄姿势；moodboard","从 Obsidian 表格抽取；建议复核原链接后补充作品截图、视频链接和授权备注。","待复核","中"
"00-园林汉服姿势库-抚琴姿态-4","[[抚琴姿态]]","obsidian_table_row","国风/汉服","Obsidian","","摄影姿势库/汉服/园林汉服/00_园林汉服姿势库.md","","汉服；园林；姿势库；拍照参考","[[抚琴姿态]] / 古亭/石桌 / ⭐⭐⭐ / 才女/雅致","","[[抚琴姿态]] 国风/汉服 汉服 园林 姿势库 拍照参考；[[抚琴姿态]] 摄影参考；国风/汉服 人像拍摄；汉服 园林 姿势库 pose reference","园林/古风室内","汉服模特","中等","妆造/服装/道具影响很大","姿势引导","399-699","高","可直接转化为拍摄选题、姿势引导或成片风格参考。","local-private-reference","medium-shot","static","saliency-focus","shot-planning","[[抚琴姿态]] - 国风/汉服摄影参考","[[抚琴姿态]]；国风/汉服；汉服；园林；姿势库；拍照参考；摄影参考；人像摄影；拍摄姿势；moodboard","从 Obsidian 表格抽取；建议复核原链接后补充作品截图、视频链接和授权备注。","待复核","中"
"00-园林汉服姿势库-持扇遮面-5","[[持扇遮面]]","obsidian_table_row","国风/汉服","Obsidian","","摄影姿势库/汉服/园林汉服/00_园林汉服姿势库.md","","汉服；园林；姿势库；拍照参考","[[持扇遮面]] / 回廊/竹影 / ⭐⭐ / 含蓄/娇羞","","[[持扇遮面]] 国风/汉服 汉服 园林 姿势库 拍照参考；[[持扇遮面]] 摄影参考；国风/汉服 人像拍摄；汉服 园林 姿势库 pose reference","园林/古风室内","汉服模特","中等","妆造/服装/道具影响很大","姿势引导","399-699","高","可直接转化为拍摄选题、姿势引导或成片风格参考。","local-private-reference","medium-shot","static","saliency-focus","shot-planning","[[持扇遮面]] - 国风/汉服摄影参考","[[持扇遮面]]；国风/汉服；汉服；园林；姿势库；拍照参考；摄影参考；人像摄影；拍摄姿势；moodboard","从 Obsidian 表格抽取；建议复核原链接后补充作品截图、视频链接和授权备注。","待复核","中"
"doc-摄影姿势库-汉服-园林汉服-pose-回眸侧身-md","回眸侧身姿势","obsidian_note","国风/汉服","Obsidian","","摄影姿势库/汉服/园林汉服/pose_回眸侧身.md","","回眸；侧身；大袖口；汉服；构图；35mm","回眸侧身 动作要点 1. 站姿 ：侧身站立，身体重心略偏后 2. 头部 ：头转回看镜头，眼神带淡淡清冷或回眸一笑 3. 手部 ：可手持扇子、花枝，或自然垂于身侧 4. 袖口 ：如果有宽袖/飘带，可利用袖口增加飘逸感 关键细节 回眸角度不要太大，30 45度最佳 脖颈保持自然延伸，避免双下巴 利用侧逆光勾勒发丝轮廓 眼神要有故事感——若有所思或清冷疏离 推荐参","","回眸侧身姿势 国风/汉服 回眸 侧身 大袖口 汉服 构图 35mm；回眸侧身姿势 摄影参考；国风/汉服 人像拍摄；回眸 侧身 大袖口 pose reference","园林/古风室内","汉服模特","中等","妆造/服装/道具影响很大","姿势引导；构图镜头；光线氛围","399-699","高","可直接转化为拍摄选题、姿势引导或成片风格参考。","local-private-reference","close-up","handheld","rule-of-thirds","shot-planning","回眸侧身姿势 - 国风/汉服摄影参考","回眸侧身姿势；国风/汉服；回眸；侧身；大袖口；汉服；构图；35mm；摄影参考；人像摄影；拍摄姿势；moodboard","从 Obsidian 笔记抽取，可作为拍摄方案和参考检索的源材料。","本地可用","中"
"pose-回眸侧身-条目-1-1","条目 1","obsidian_table_row","国风/汉服","Obsidian","","摄影姿势库/汉服/园林汉服/pose_回眸侧身.md","","回眸；侧身；大袖口；汉服；35mm","焦段 / 85mm-135mm","","条目 1 国风/汉服 回眸 侧身 大袖口 汉服 35mm；条目 1 摄影参考；国风/汉服 人像拍摄；回眸 侧身 大袖口 pose reference","园林/古风室内","汉服模特","中等","妆造/服装/道具影响很大","姿势引导；构图镜头","399-699","高","可直接转化为拍摄选题、姿势引导或成片风格参考。","local-private-reference","medium-shot","static","saliency-focus","inspiration","条目 1 - 国风/汉服摄影参考","条目 1；国风/汉服；回眸；侧身；大袖口；汉服；35mm；摄影参考；人像摄影；拍摄姿势；moodboard","从 Obsidian 表格抽取；建议复核原链接后补充作品截图、视频链接和授权备注。","待复核","中"
"pose-回眸侧身-条目-2-2","条目 2","obsidian_table_row","国风/汉服","Obsidian","","摄影姿势库/汉服/园林汉服/pose_回眸侧身.md","","回眸；侧身；大袖口；汉服","光圈 / f/1.8 - f/2.8","","条目 2 国风/汉服 回眸 侧身 大袖口 汉服；条目 2 摄影参考；国风/汉服 人像拍摄；回眸 侧身 大袖口 pose reference","园林/古风室内","汉服模特","中等","妆造/服装/道具影响很大","姿势引导","399-699","高","可直接转化为拍摄选题、姿势引导或成片风格参考。","local-private-reference","medium-shot","static","saliency-focus","inspiration","条目 2 - 国风/汉服摄影参考","条目 2；国风/汉服；回眸；侧身；大袖口；汉服；摄影参考；人像摄影；拍摄姿势；moodboard","从 Obsidian 表格抽取；建议复核原链接后补充作品截图、视频链接和授权备注。","待复核","中"
"pose-回眸侧身-条目-3-3","条目 3","obsidian_table_row","国风/汉服","Obsidian","","摄影姿势库/汉服/园林汉服/pose_回眸侧身.md","","回眸；侧身；大袖口；汉服","光线 / 侧逆光（勾勒轮廓）","","条目 3 国风/汉服 回眸 侧身 大袖口 汉服；条目 3 摄影参考；国风/汉服 人像拍摄；回眸 侧身 大袖口 pose reference","园林/古风室内","汉服模特","中等","妆造/服装/道具影响很大","姿势引导；光线氛围","399-699","高","可直接转化为拍摄选题、姿势引导或成片风格参考。","local-private-reference","medium-shot","static","saliency-focus","inspiration","条目 3 - 国风/汉服摄影参考","条目 3；国风/汉服；回眸；侧身；大袖口；汉服；摄影参考；人像摄影；拍摄姿势；moodboard","从 Obsidian 表格抽取；建议复核原链接后补充作品截图、视频链接和授权备注。","待复核","中"
"pose-回眸侧身-条目-4-4","条目 4","obsidian_table_row","国风/汉服","Obsidian","","摄影姿势库/汉服/园林汉服/pose_回眸侧身.md","","回眸；侧身；大袖口；汉服","高度 / 平拍或微微俯拍","","条目 4 国风/汉服 回眸 侧身 大袖口 汉服；条目 4 摄影参考；国风/汉服 人像拍摄；回眸 侧身 大袖口 pose reference","园林/古风室内","汉服模特","中等","妆造/服装/道具影响很大","姿势引导","399-699","高","可直接转化为拍摄选题、姿势引导或成片风格参考。","local-private-reference","medium-shot","static","saliency-focus","inspiration","条目 4 - 国风/汉服摄影参考","条目 4；国风/汉服；回眸；侧身；大袖口；汉服；摄影参考；人像摄影；拍摄姿势；moodboard","从 Obsidian 表格抽取；建议复核原链接后补充作品截图、视频链接和授权备注。","待复核","中"
"pose-回眸侧身-条目-5-5","条目 5","obsidian_table_row","国风/汉服","Obsidian","","摄影姿势库/汉服/园林汉服/pose_回眸侧身.md","","回眸；侧身；大袖口；汉服；构图","构图 / 三分法，主体偏左","","条目 5 国风/汉服 回眸 侧身 大袖口 汉服 构图；条目 5 摄影参考；国风/汉服 人像拍摄；回眸 侧身 大袖口 pose reference","园林/古风室内","汉服模特","中等","妆造/服装/道具影响很大","姿势引导；构图镜头","399-699","高","可直接转化为拍摄选题、姿势引导或成片风格参考。","local-private-reference","medium-shot","static","rule-of-thirds","shot-planning","条目 5 - 国风/汉服摄影参考","条目 5；国风/汉服；回眸；侧身；大袖口；汉服；构图；摄影参考；人像摄影；拍摄姿势；moodboard","从 Obsidian 表格抽取；建议复核原链接后补充作品截图、视频链接和授权备注。","待复核","中"
"doc-摄影姿势库-汉服-园林汉服-pose-站立持花-md","站立持花姿势","obsidian_note","国风/汉服","Obsidian","","摄影姿势库/汉服/园林汉服/pose_站立持花.md","","站立；持花；兰花指；汉服；构图；春日；35mm","站立持花 动作要点 1. 站姿 ：重心微移，不要双脚平行站立，身体形成微妙曲线 2. 手部 ：左手轻拈花枝（腊梅/桃花），右手呈兰花指微微提起 3. 眼神 ：眉眼低垂，看手中花枝或斜下方，营造内敛感 4. 头部 ：头微微偏向持花手一侧，但不要过度歪头 关键细节 兰花指要自然，食指与中指微微上翘，大拇指轻触无名指 肩部放松，避免耸肩 腰间可微微扭转，增加身体线","","站立持花姿势 国风/汉服 站立 持花 兰花指 汉服 构图 春日 35mm；站立持花姿势 摄影参考；国风/汉服 人像拍摄；站立 持花 兰花指 pose reference","园林/古风室内","汉服模特","中等","天气和光线不稳定；妆造/服装/道具影响很大","姿势引导；构图镜头；光线氛围","399-699","高","可直接转化为拍摄选题、姿势引导或成片风格参考。","local-private-reference","long-shot","static","rule-of-thirds；leading-lines","shot-planning","站立持花姿势 - 国风/汉服摄影参考","站立持花姿势；国风/汉服；站立；持花；兰花指；汉服；构图；春日；35mm；摄影参考；人像摄影；拍摄姿势","从 Obsidian 笔记抽取，可作为拍摄方案和参考检索的源材料。","本地可用","中"
"pose-站立持花-条目-1-1","条目 1","obsidian_table_row","国风/汉服","Obsidian","","摄影姿势库/汉服/园林汉服/pose_站立持花.md","","站立；持花；兰花指；汉服；35mm","焦段 / 85mm-135mm","","条目 1 国风/汉服 站立 持花 兰花指 汉服 35mm；条目 1 摄影参考；国风/汉服 人像拍摄；站立 持花 兰花指 pose reference","园林/古风室内","汉服模特","中等","妆造/服装/道具影响很大","姿势引导；构图镜头","399-699","高","可直接转化为拍摄选题、姿势引导或成片风格参考。","local-private-reference","long-shot","static","saliency-focus","inspiration","条目 1 - 国风/汉服摄影参考","条目 1；国风/汉服；站立；持花；兰花指；汉服；35mm；摄影参考；人像摄影；拍摄姿势；moodboard","从 Obsidian 表格抽取；建议复核原链接后补充作品截图、视频链接和授权备注。","待复核","中"
"pose-站立持花-条目-2-2","条目 2","obsidian_table_row","国风/汉服","Obsidian","","摄影姿势库/汉服/园林汉服/pose_站立持花.md","","站立；持花；兰花指；汉服","光圈 / f/1.4 - f/2.0","","条目 2 国风/汉服 站立 持花 兰花指 汉服；条目 2 摄影参考；国风/汉服 人像拍摄；站立 持花 兰花指 pose reference","园林/古风室内","汉服模特","中等","妆造/服装/道具影响很大","姿势引导","399-699","高","可直接转化为拍摄选题、姿势引导或成片风格参考。","local-private-reference","long-shot","static","saliency-focus","inspiration","条目 2 - 国风/汉服摄影参考","条目 2；国风/汉服；站立；持花；兰花指；汉服；摄影参考；人像摄影；拍摄姿势；moodboard","从 Obsidian 表格抽取；建议复核原链接后补充作品截图、视频链接和授权备注。","待复核","中"
"pose-站立持花-条目-3-3","条目 3","obsidian_table_row","国风/汉服","Obsidian","","摄影姿势库/汉服/园林汉服/pose_站立持花.md","","站立；持花；兰花指；汉服","光线 / 侧逆光（轮廓光）","","条目 3 国风/汉服 站立 持花 兰花指 汉服；条目 3 摄影参考；国风/汉服 人像拍摄；站立 持花 兰花指 pose reference","园林/古风室内","汉服模特","中等","妆造/服装/道具影响很大","姿势引导；光线氛围","399-699","高","可直接转化为拍摄选题、姿势引导或成片风格参考。","local-private-reference","long-shot","static","saliency-focus","inspiration","条目 3 - 国风/汉服摄影参考","条目 3；国风/汉服；站立；持花；兰花指；汉服；摄影参考；人像摄影；拍摄姿势；moodboard","从 Obsidian 表格抽取；建议复核原链接后补充作品截图、视频链接和授权备注。","待复核","中"
"pose-站立持花-条目-4-4","条目 4","obsidian_table_row","国风/汉服","Obsidian","","摄影姿势库/汉服/园林汉服/pose_站立持花.md","","站立；持花；兰花指；汉服","高度 / 平拍或微微俯拍","","条目 4 国风/汉服 站立 持花 兰花指 汉服；条目 4 摄影参考；国风/汉服 人像拍摄；站立 持花 兰花指 pose reference","园林/古风室内","汉服模特","中等","妆造/服装/道具影响很大","姿势引导","399-699","高","可直接转化为拍摄选题、姿势引导或成片风格参考。","local-private-reference","long-shot","static","saliency-focus","inspiration","条目 4 - 国风/汉服摄影参考","条目 4；国风/汉服；站立；持花；兰花指；汉服；摄影参考；人像摄影；拍摄姿势；moodboard","从 Obsidian 表格抽取；建议复核原链接后补充作品截图、视频链接和授权备注。","待复核","中"
"pose-站立持花-条目-5-5","条目 5","obsidian_table_row","国风/汉服","Obsidian","","摄影姿势库/汉服/园林汉服/pose_站立持花.md","","站立；持花；兰花指；汉服；构图","构图 / 三分法，主体偏右","","条目 5 国风/汉服 站立 持花 兰花指 汉服 构图；条目 5 摄影参考；国风/汉服 人像拍摄；站立 持花 兰花指 pose reference","园林/古风室内","汉服模特","中等","妆造/服装/道具影响很大","姿势引导；构图镜头","399-699","高","可直接转化为拍摄选题、姿势引导或成片风格参考。","local-private-reference","long-shot","static","rule-of-thirds","shot-planning","条目 5 - 国风/汉服摄影参考","条目 5；国风/汉服；站立；持花；兰花指；汉服；构图；摄影参考；人像摄影；拍摄姿势；moodboard","从 Obsidian 表格抽取；建议复核原链接后补充作品截图、视频链接和授权备注。","待复核","中"
"doc-摄影姿势库-汉服-室内汉服-00-室内汉服姿势库-md","汉服室内拍照姿势库","obsidian_note","国风/汉服","Obsidian","","摄影姿势库/汉服/室内汉服/00_室内汉服姿势库.md","","汉服；室内；姿势库；拍照参考","汉服室内拍照姿势库 概述 室内古风场景的经典拍照姿势，涵盖坐姿、倚靠、手部特写等动作。室内场景可控性更强，适合布光和道具搭配。 姿势目录 姿势 场景 难度 适用主题 侧坐案前 案几/书桌 ⭐⭐ 才女/书卷气 倚栏远眺 栏杆/窗边 ⭐⭐ 慵懒/疏离 抚琴弹唱 古琴/古筝 ⭐⭐⭐ 才艺/雅致 持扇半遮 任意室内 ⭐⭐ 含蓄/娇羞 捧书阅读 书案/书架 ⭐⭐ 文静","","汉服室内拍照姿势库 国风/汉服 汉服 室内 姿势库 拍照参考；汉服室内拍照姿势库 摄影参考；国风/汉服 人像拍摄；汉服 室内 姿势库 pose reference","园林/古风室内","汉服模特","中等","妆造/服装/道具影响很大","姿势引导","399-699","高","可直接转化为拍摄选题、姿势引导或成片风格参考。","local-private-reference","close-up","static","frame-within-frame；foreground-background-layering","shot-planning","汉服室内拍照姿势库 - 国风/汉服摄影参考","汉服室内拍照姿势库；国风/汉服；汉服；室内；姿势库；拍照参考；摄影参考；人像摄影；拍摄姿势；moodboard","从 Obsidian 笔记抽取，可作为拍摄方案和参考检索的源材料。","本地可用","中"
"00-室内汉服姿势库-侧坐案前-1","[[侧坐案前]]","obsidian_table_row","国风/汉服","Obsidian","","摄影姿势库/汉服/室内汉服/00_室内汉服姿势库.md","","汉服；室内；姿势库；拍照参考","[[侧坐案前]] / 案几/书桌 / ⭐⭐ / 才女/书卷气","","[[侧坐案前]] 国风/汉服 汉服 室内 姿势库 拍照参考；[[侧坐案前]] 摄影参考；国风/汉服 人像拍摄；汉服 室内 姿势库 pose reference","园林/古风室内","汉服模特","中等","妆造/服装/道具影响很大","姿势引导","399-699","高","可直接转化为拍摄选题、姿势引导或成片风格参考。","local-private-reference","medium-shot","static","saliency-focus","shot-planning","[[侧坐案前]] - 国风/汉服摄影参考","[[侧坐案前]]；国风/汉服；汉服；室内；姿势库；拍照参考；摄影参考；人像摄影；拍摄姿势；moodboard","从 Obsidian 表格抽取；建议复核原链接后补充作品截图、视频链接和授权备注。","待复核","中"
"00-室内汉服姿势库-倚栏远眺-2","[[倚栏远眺]]","obsidian_table_row","国风/汉服","Obsidian","","摄影姿势库/汉服/室内汉服/00_室内汉服姿势库.md","","汉服；室内；姿势库；拍照参考","[[倚栏远眺]] / 栏杆/窗边 / ⭐⭐ / 慵懒/疏离","","[[倚栏远眺]] 国风/汉服 汉服 室内 姿势库 拍照参考；[[倚栏远眺]] 摄影参考；国风/汉服 人像拍摄；汉服 室内 姿势库 pose reference","园林/古风室内","汉服模特","中等","妆造/服装/道具影响很大","姿势引导","399-699","高","可直接转化为拍摄选题、姿势引导或成片风格参考。","local-private-reference","medium-shot","static","frame-within-frame","shot-planning","[[倚栏远眺]] - 国风/汉服摄影参考","[[倚栏远眺]]；国风/汉服；汉服；室内；姿势库；拍照参考；摄影参考；人像摄影；拍摄姿势；moodboard","从 Obsidian 表格抽取；建议复核原链接后补充作品截图、视频链接和授权备注。","待复核","中"
"00-室内汉服姿势库-抚琴弹唱-3","[[抚琴弹唱]]","obsidian_table_row","国风/汉服","Obsidian","","摄影姿势库/汉服/室内汉服/00_室内汉服姿势库.md","","汉服；室内；姿势库；拍照参考","[[抚琴弹唱]] / 古琴/古筝 / ⭐⭐⭐ / 才艺/雅致","","[[抚琴弹唱]] 国风/汉服 汉服 室内 姿势库 拍照参考；[[抚琴弹唱]] 摄影参考；国风/汉服 人像拍摄；汉服 室内 姿势库 pose reference","园林/古风室内","汉服模特","中等","妆造/服装/道具影响很大","姿势引导","399-699","高","可直接转化为拍摄选题、姿势引导或成片风格参考。","local-private-reference","medium-shot","static","saliency-focus","shot-planning","[[抚琴弹唱]] - 国风/汉服摄影参考","[[抚琴弹唱]]；国风/汉服；汉服；室内；姿势库；拍照参考；摄影参考；人像摄影；拍摄姿势；moodboard","从 Obsidian 表格抽取；建议复核原链接后补充作品截图、视频链接和授权备注。","待复核","中"
"00-室内汉服姿势库-持扇半遮-4","[[持扇半遮]]","obsidian_table_row","国风/汉服","Obsidian","","摄影姿势库/汉服/室内汉服/00_室内汉服姿势库.md","","汉服；室内；姿势库；拍照参考","[[持扇半遮]] / 任意室内 / ⭐⭐ / 含蓄/娇羞","","[[持扇半遮]] 国风/汉服 汉服 室内 姿势库 拍照参考；[[持扇半遮]] 摄影参考；国风/汉服 人像拍摄；汉服 室内 姿势库 pose reference","园林/古风室内","汉服模特","中等","妆造/服装/道具影响很大","姿势引导","399-699","高","可直接转化为拍摄选题、姿势引导或成片风格参考。","local-private-reference","medium-shot","static","saliency-focus","shot-planning","[[持扇半遮]] - 国风/汉服摄影参考","[[持扇半遮]]；国风/汉服；汉服；室内；姿势库；拍照参考；摄影参考；人像摄影；拍摄姿势；moodboard","从 Obsidian 表格抽取；建议复核原链接后补充作品截图、视频链接和授权备注。","待复核","中"
"00-室内汉服姿势库-捧书阅读-5","[[捧书阅读]]","obsidian_table_row","国风/汉服","Obsidian","","摄影姿势库/汉服/室内汉服/00_室内汉服姿势库.md","","汉服；室内；姿势库；拍照参考","[[捧书阅读]] / 书案/书架 / ⭐⭐ / 文静/知性","","[[捧书阅读]] 国风/汉服 汉服 室内 姿势库 拍照参考；[[捧书阅读]] 摄影参考；国风/汉服 人像拍摄；汉服 室内 姿势库 pose reference","园林/古风室内","汉服模特","中等","妆造/服装/道具影响很大","姿势引导","399-699","高","可直接转化为拍摄选题、姿势引导或成片风格参考。","local-private-reference","medium-shot","static","saliency-focus","shot-planning","[[捧书阅读]] - 国风/汉服摄影参考","[[捧书阅读]]；国风/汉服；汉服；室内；姿势库；拍照参考；摄影参考；人像摄影；拍摄姿势；moodboard","从 Obsidian 表格抽取；建议复核原链接后补充作品截图、视频链接和授权备注。","待复核","中"
"doc-摄影姿势库-汉服-室内汉服-pose-侧坐案前-md","侧坐案前姿势","obsidian_note","国风/汉服","Obsidian","","摄影姿势库/汉服/室内汉服/pose_侧坐案前.md","","坐姿；案几；手部特写；汉服；构图","侧坐案前 动作要点 1. 坐姿 ：侧身坐于案几旁，上身微转，不要正对镜头 2. 手部 ：单手轻拈花枝/珍珠，另一手自然置于膝上 3. 眼神 ：视线投向斜上方或看手中物，不看镜头 4. 身体 ：肩、胯形成微小三才转折，身体有曲线感 关键细节 坐姿忌僵硬，腰背挺直但肩部放松 手部动作是重点——兰花指、轻捻珍珠都很有古韵 可在身前地面散落珍珠/花瓣增加氛围 利用倒","","侧坐案前姿势 国风/汉服 坐姿 案几 手部特写 汉服 构图；侧坐案前姿势 摄影参考；国风/汉服 人像拍摄；坐姿 案几 手部特写 pose reference","园林/古风室内","汉服模特","中等","妆造/服装/道具影响很大","姿势引导；构图镜头","399-699","高","可直接转化为拍摄选题、姿势引导或成片风格参考。","platform-link-only","close-up","static","rule-of-thirds；negative-space；frame-within-frame","shot-planning","侧坐案前姿势 - 国风/汉服摄影参考","侧坐案前姿势；国风/汉服；坐姿；案几；手部特写；汉服；构图；摄影参考；人像摄影；拍摄姿势；moodboard","从 Obsidian 笔记抽取，可作为拍摄方案和参考检索的源材料。","本地可用","中"
"pose-侧坐案前-条目-1-1","条目 1","obsidian_table_row","国风/汉服","Obsidian","","摄影姿势库/汉服/室内汉服/pose_侧坐案前.md","","坐姿；案几；手部特写；汉服","焦段 / 85mm","","条目 1 国风/汉服 坐姿 案几 手部特写 汉服；条目 1 摄影参考；国风/汉服 人像拍摄；坐姿 案几 手部特写 pose reference","园林/古风室内","汉服模特","中等","妆造/服装/道具影响很大","姿势引导","399-699","高","可直接转化为拍摄选题、姿势引导或成片风格参考。","local-private-reference","close-up","static","saliency-focus","inspiration","条目 1 - 国风/汉服摄影参考","条目 1；国风/汉服；坐姿；案几；手部特写；汉服；摄影参考；人像摄影；拍摄姿势；moodboard","从 Obsidian 表格抽取；建议复核原链接后补充作品截图、视频链接和授权备注。","待复核","中"
"pose-侧坐案前-条目-2-2","条目 2","obsidian_table_row","国风/汉服","Obsidian","","摄影姿势库/汉服/室内汉服/pose_侧坐案前.md","","坐姿；案几；手部特写；汉服","光圈 / f/1.4 - f/1.8","","条目 2 国风/汉服 坐姿 案几 手部特写 汉服；条目 2 摄影参考；国风/汉服 人像拍摄；坐姿 案几 手部特写 pose reference","园林/古风室内","汉服模特","中等","妆造/服装/道具影响很大","姿势引导","399-699","高","可直接转化为拍摄选题、姿势引导或成片风格参考。","local-private-reference","close-up","static","saliency-focus","inspiration","条目 2 - 国风/汉服摄影参考","条目 2；国风/汉服；坐姿；案几；手部特写；汉服；摄影参考；人像摄影；拍摄姿势；moodboard","从 Obsidian 表格抽取；建议复核原链接后补充作品截图、视频链接和授权备注。","待复核","中"
"pose-侧坐案前-条目-3-3","条目 3","obsidian_table_row","国风/汉服","Obsidian","","摄影姿势库/汉服/室内汉服/pose_侧坐案前.md","","坐姿；案几；手部特写；汉服","光线 / 侧柔光（模拟窗光）","","条目 3 国风/汉服 坐姿 案几 手部特写 汉服；条目 3 摄影参考；国风/汉服 人像拍摄；坐姿 案几 手部特写 pose reference","园林/古风室内","汉服模特","中等","妆造/服装/道具影响很大","姿势引导","399-699","高","可直接转化为拍摄选题、姿势引导或成片风格参考。","local-private-reference","close-up","static","frame-within-frame","inspiration","条目 3 - 国风/汉服摄影参考","条目 3；国风/汉服；坐姿；案几；手部特写；汉服；摄影参考；人像摄影；拍摄姿势；moodboard","从 Obsidian 表格抽取；建议复核原链接后补充作品截图、视频链接和授权备注。","待复核","中"
"pose-侧坐案前-条目-4-4","条目 4","obsidian_table_row","国风/汉服","Obsidian","","摄影姿势库/汉服/室内汉服/pose_侧坐案前.md","","坐姿；案几；手部特写；汉服","高度 / 平拍或微微俯拍","","条目 4 国风/汉服 坐姿 案几 手部特写 汉服；条目 4 摄影参考；国风/汉服 人像拍摄；坐姿 案几 手部特写 pose reference","园林/古风室内","汉服模特","中等","妆造/服装/道具影响很大","姿势引导","399-699","高","可直接转化为拍摄选题、姿势引导或成片风格参考。","local-private-reference","close-up","static","saliency-focus","inspiration","条目 4 - 国风/汉服摄影参考","条目 4；国风/汉服；坐姿；案几；手部特写；汉服；摄影参考；人像摄影；拍摄姿势；moodboard","从 Obsidian 表格抽取；建议复核原链接后补充作品截图、视频链接和授权备注。","待复核","中"
"pose-侧坐案前-条目-5-5","条目 5","obsidian_table_row","国风/汉服","Obsidian","","摄影姿势库/汉服/室内汉服/pose_侧坐案前.md","","坐姿；案几；手部特写；汉服；构图","构图 / 三分法，注意留白","","条目 5 国风/汉服 坐姿 案几 手部特写 汉服 构图；条目 5 摄影参考；国风/汉服 人像拍摄；坐姿 案几 手部特写 pose reference","园林/古风室内","汉服模特","中等","妆造/服装/道具影响很大","姿势引导；构图镜头","399-699","高","可直接转化为拍摄选题、姿势引导或成片风格参考。","local-private-reference","close-up","static","rule-of-thirds；negative-space","shot-planning","条目 5 - 国风/汉服摄影参考","条目 5；国风/汉服；坐姿；案几；手部特写；汉服；构图；摄影参考；人像摄影；拍摄姿势；moodboard","从 Obsidian 表格抽取；建议复核原链接后补充作品截图、视频链接和授权备注。","待复核","中"
"asset-摄影姿势库-姿势示意图-坐姿-04-台阶坐姿-png","04_台阶坐姿","local_image","姿势/引导","本地素材","","摄影姿势库/姿势示意图/坐姿/04_台阶坐姿.png","","","本地参考图：摄影姿势库/姿势示意图/坐姿/04_台阶坐姿.png","摄影姿势库/姿势示意图/坐姿/04_台阶坐姿.png","04_台阶坐姿 姿势/引导；04_台阶坐姿 摄影参考；姿势/引导 人像拍摄； pose reference","通用人像场景","单人女生/普通客片","容易","常规沟通和审美匹配风险","姿势引导","199-399","中","适合作为检索补充或局部灵感。","local-private-reference","medium-shot","static","saliency-focus","shot-planning","04_台阶坐姿 - 姿势/引导摄影参考","04_台阶坐姿；姿势/引导；摄影参考；人像摄影；拍摄姿势；moodboard","本地姿势示意图/参考图，适合生成拍摄姿势和引导词。","本地可用","中"
"asset-摄影姿势库-姿势示意图-坐姿-pexels-03-台阶坐-jpg","pexels_03_台阶坐","local_image","姿势/引导","本地素材","","摄影姿势库/姿势示意图/坐姿/pexels_03_台阶坐.jpg","","","本地参考图：摄影姿势库/姿势示意图/坐姿/pexels_03_台阶坐.jpg","摄影姿势库/姿势示意图/坐姿/pexels_03_台阶坐.jpg","pexels_03_台阶坐 姿势/引导；pexels_03_台阶坐 摄影参考；姿势/引导 人像拍摄； pose reference","通用人像场景","单人女生/普通客片","容易","常规沟通和审美匹配风险","姿势引导","199-399","中","适合作为检索补充或局部灵感。","public-domain","medium-shot","static","saliency-focus","shot-planning","pexels_03_台阶坐 - 姿势/引导摄影参考","pexels_03_台阶坐；姿势/引导；摄影参考；人像摄影；拍摄姿势；moodboard","本地姿势示意图/参考图，适合生成拍摄姿势和引导词。","本地可用","中"
"asset-摄影姿势库-姿势示意图-坐姿-pexels-06-阳光台阶-jpg","pexels_06_阳光台阶","local_image","姿势/引导","本地素材","","摄影姿势库/姿势示意图/坐姿/pexels_06_阳光台阶.jpg","","","本地参考图：摄影姿势库/姿势示意图/坐姿/pexels_06_阳光台阶.jpg","摄影姿势库/姿势示意图/坐姿/pexels_06_阳光台阶.jpg","pexels_06_阳光台阶 姿势/引导；pexels_06_阳光台阶 摄影参考；姿势/引导 人像拍摄； pose reference","通用人像场景","单人女生/普通客片","容易","常规沟通和审美匹配风险","姿势引导；光线氛围","199-399","中","适合作为检索补充或局部灵感。","public-domain","medium-shot","static","saliency-focus","shot-planning","pexels_06_阳光台阶 - 姿势/引导摄影参考","pexels_06_阳光台阶；姿势/引导；摄影参考；人像摄影；拍摄姿势；moodboard","本地姿势示意图/参考图，适合生成拍摄姿势和引导词。","本地可用","中"
"asset-摄影姿势库-姿势示意图-坐姿-pexels-09-咖啡馆坐-jpg","pexels_09_咖啡馆坐","local_image","姿势/引导","本地素材","","摄影姿势库/姿势示意图/坐姿/pexels_09_咖啡馆坐.jpg","","咖啡馆","本地参考图：摄影姿势库/姿势示意图/坐姿/pexels_09_咖啡馆坐.jpg","摄影姿势库/姿势示意图/坐姿/pexels_09_咖啡馆坐.jpg","pexels_09_咖啡馆坐 姿势/引导 咖啡馆；pexels_09_咖啡馆坐 摄影参考；姿势/引导 人像拍摄；咖啡馆 pose reference","咖啡馆/室内","单人女生/普通客片","容易","需要场地许可或低打扰拍摄","姿势引导","199-399","中","适合作为检索补充或局部灵感。","public-domain","medium-shot","static","saliency-focus","shot-planning","pexels_09_咖啡馆坐 - 姿势/引导摄影参考","pexels_09_咖啡馆坐；姿势/引导；咖啡馆；摄影参考；人像摄影；拍摄姿势；moodboard","本地姿势示意图/参考图，适合生成拍摄姿势和引导词。","本地可用","中"
"asset-摄影姿势库-姿势示意图-坐姿-pexels-10-休闲坐-jpg","pexels_10_休闲坐","local_image","姿势/引导","本地素材","","摄影姿势库/姿势示意图/坐姿/pexels_10_休闲坐.jpg","","","本地参考图：摄影姿势库/姿势示意图/坐姿/pexels_10_休闲坐.jpg","摄影姿势库/姿势示意图/坐姿/pexels_10_休闲坐.jpg","pexels_10_休闲坐 姿势/引导；pexels_10_休闲坐 摄影参考；姿势/引导 人像拍摄； pose reference","通用人像场景","单人女生/普通客片","容易","常规沟通和审美匹配风险","姿势引导","199-399","中","适合作为检索补充或局部灵感。","public-domain","medium-shot","static","saliency-focus","shot-planning","pexels_10_休闲坐 - 姿势/引导摄影参考","pexels_10_休闲坐；姿势/引导；摄影参考；人像摄影；拍摄姿势；moodboard","本地姿势示意图/参考图，适合生成拍摄姿势和引导词。","本地可用","中"
"asset-摄影姿势库-姿势示意图-坐姿-pexels-12-台阶侧坐-jpg","pexels_12_台阶侧坐","local_image","姿势/引导","本地素材","","摄影姿势库/姿势示意图/坐姿/pexels_12_台阶侧坐.jpg","","","本地参考图：摄影姿势库/姿势示意图/坐姿/pexels_12_台阶侧坐.jpg","摄影姿势库/姿势示意图/坐姿/pexels_12_台阶侧坐.jpg","pexels_12_台阶侧坐 姿势/引导；pexels_12_台阶侧坐 摄影参考；姿势/引导 人像拍摄； pose reference","通用人像场景","单人女生/普通客片","容易","常规沟通和审美匹配风险","姿势引导","199-399","中","适合作为检索补充或局部灵感。","public-domain","medium-shot","static","saliency-focus","shot-planning","pexels_12_台阶侧坐 - 姿势/引导摄影参考","pexels_12_台阶侧坐；姿势/引导；摄影参考；人像摄影；拍摄姿势；moodboard","本地姿势示意图/参考图，适合生成拍摄姿势和引导词。","本地可用","中"
"asset-摄影姿势库-姿势示意图-手部互动-05-撩头发-png","05_撩头发","local_image","姿势/引导","本地素材","","摄影姿势库/姿势示意图/手部互动/05_撩头发.png","","","本地参考图：摄影姿势库/姿势示意图/手部互动/05_撩头发.png","摄影姿势库/姿势示意图/手部互动/05_撩头发.png","05_撩头发 姿势/引导；05_撩头发 摄影参考；姿势/引导 人像拍摄； pose reference","通用人像场景","单人女生/普通客片","容易","常规沟通和审美匹配风险","姿势引导","199-399","中","适合作为检索补充或局部灵感。","local-private-reference","medium-shot","static","saliency-focus","shot-planning","05_撩头发 - 姿势/引导摄影参考","05_撩头发；姿势/引导；摄影参考；人像摄影；拍摄姿势；moodboard","本地姿势示意图/参考图，适合生成拍摄姿势和引导词。","本地可用","中"
"asset-摄影姿势库-姿势示意图-手部互动-06-托腮-png","06_托腮","local_image","姿势/引导","本地素材","","摄影姿势库/姿势示意图/手部互动/06_托腮.png","","","本地参考图：摄影姿势库/姿势示意图/手部互动/06_托腮.png","摄影姿势库/姿势示意图/手部互动/06_托腮.png","06_托腮 姿势/引导；06_托腮 摄影参考；姿势/引导 人像拍摄； pose reference","通用人像场景","单人女生/普通客片","容易","常规沟通和审美匹配风险","姿势引导","199-399","中","适合作为检索补充或局部灵感。","local-private-reference","close-up","static","saliency-focus","shot-planning","06_托腮 - 姿势/引导摄影参考","06_托腮；姿势/引导；摄影参考；人像摄影；拍摄姿势；moodboard","本地姿势示意图/参考图，适合生成拍摄姿势和引导词。","本地可用","中"
"asset-摄影姿势库-姿势示意图-站姿-01-重心转移站-png","01_重心转移站","local_image","姿势/引导","本地素材","","摄影姿势库/姿势示意图/站姿/01_重心转移站.png","","","本地参考图：摄影姿势库/姿势示意图/站姿/01_重心转移站.png","摄影姿势库/姿势示意图/站姿/01_重心转移站.png","01_重心转移站 姿势/引导；01_重心转移站 摄影参考；姿势/引导 人像拍摄； pose reference","通用人像场景","单人女生/普通客片","容易","常规沟通和审美匹配风险","姿势引导","199-399","中","适合作为检索补充或局部灵感。","local-private-reference","long-shot","static","saliency-focus","shot-planning","01_重心转移站 - 姿势/引导摄影参考","01_重心转移站；姿势/引导；摄影参考；人像摄影；拍摄姿势；moodboard","本地姿势示意图/参考图，适合生成拍摄姿势和引导词。","本地可用","中"
"asset-摄影姿势库-姿势示意图-站姿-02-靠墙站-png","02_靠墙站","local_image","姿势/引导","本地素材","","摄影姿势库/姿势示意图/站姿/02_靠墙站.png","","","本地参考图：摄影姿势库/姿势示意图/站姿/02_靠墙站.png","摄影姿势库/姿势示意图/站姿/02_靠墙站.png","02_靠墙站 姿势/引导；02_靠墙站 摄影参考；姿势/引导 人像拍摄； pose reference","通用人像场景","单人女生/普通客片","容易","常规沟通和审美匹配风险","姿势引导","199-399","中","适合作为检索补充或局部灵感。","local-private-reference","long-shot","static","saliency-focus","shot-planning","02_靠墙站 - 姿势/引导摄影参考","02_靠墙站；姿势/引导；摄影参考；人像摄影；拍摄姿势；moodboard","本地姿势示意图/参考图，适合生成拍摄姿势和引导词。","本地可用","中"
"asset-摄影姿势库-姿势示意图-站姿-03-回眸站-png","03_回眸站","local_image","姿势/引导","本地素材","","摄影姿势库/姿势示意图/站姿/03_回眸站.png","","","本地参考图：摄影姿势库/姿势示意图/站姿/03_回眸站.png","摄影姿势库/姿势示意图/站姿/03_回眸站.png","03_回眸站 姿势/引导；03_回眸站 摄影参考；姿势/引导 人像拍摄； pose reference","通用人像场景","单人女生/普通客片","容易","常规沟通和审美匹配风险","姿势引导","199-399","中","适合作为检索补充或局部灵感。","local-private-reference","long-shot","static","saliency-focus","shot-planning","03_回眸站 - 姿势/引导摄影参考","03_回眸站；姿势/引导；摄影参考；人像摄影；拍摄姿势；moodboard","本地姿势示意图/参考图，适合生成拍摄姿势和引导词。","本地可用","中"
"asset-摄影姿势库-姿势示意图-站姿-pexels-01-靠墙站-jpg","pexels_01_靠墙站","local_image","姿势/引导","本地素材","","摄影姿势库/姿势示意图/站姿/pexels_01_靠墙站.jpg","","","本地参考图：摄影姿势库/姿势示意图/站姿/pexels_01_靠墙站.jpg","摄影姿势库/姿势示意图/站姿/pexels_01_靠墙站.jpg","pexels_01_靠墙站 姿势/引导；pexels_01_靠墙站 摄影参考；姿势/引导 人像拍摄； pose reference","通用人像场景","单人女生/普通客片","容易","常规沟通和审美匹配风险","姿势引导","199-399","中","适合作为检索补充或局部灵感。","public-domain","long-shot","static","saliency-focus","shot-planning","pexels_01_靠墙站 - 姿势/引导摄影参考","pexels_01_靠墙站；姿势/引导；摄影参考；人像摄影；拍摄姿势；moodboard","本地姿势示意图/参考图，适合生成拍摄姿势和引导词。","本地可用","中"
"asset-摄影姿势库-姿势示意图-站姿-pexels-02-街拍站姿-jpg","pexels_02_街拍站姿","local_image","姿势/引导","本地素材","","摄影姿势库/姿势示意图/站姿/pexels_02_街拍站姿.jpg","","","本地参考图：摄影姿势库/姿势示意图/站姿/pexels_02_街拍站姿.jpg","摄影姿势库/姿势示意图/站姿/pexels_02_街拍站姿.jpg","pexels_02_街拍站姿 姿势/引导；pexels_02_街拍站姿 摄影参考；姿势/引导 人像拍摄； pose reference","通用人像场景","单人女生/普通客片","容易","常规沟通和审美匹配风险","姿势引导","199-399","中","适合作为检索补充或局部灵感。","public-domain","long-shot","static","saliency-focus","shot-planning","pexels_02_街拍站姿 - 姿势/引导摄影参考","pexels_02_街拍站姿；姿势/引导；摄影参考；人像摄影；拍摄姿势；moodboard","本地姿势示意图/参考图，适合生成拍摄姿势和引导词。","本地可用","中"
"asset-摄影姿势库-姿势示意图-站姿-pexels-04-逆光站-jpg","pexels_04_逆光站","local_image","姿势/引导","本地素材","","摄影姿势库/姿势示意图/站姿/pexels_04_逆光站.jpg","","","本地参考图：摄影姿势库/姿势示意图/站姿/pexels_04_逆光站.jpg","摄影姿势库/姿势示意图/站姿/pexels_04_逆光站.jpg","pexels_04_逆光站 姿势/引导；pexels_04_逆光站 摄影参考；姿势/引导 人像拍摄； pose reference","通用人像场景","单人女生/普通客片","容易","常规沟通和审美匹配风险","姿势引导；光线氛围","199-399","中","适合作为检索补充或局部灵感。","public-domain","long-shot","static","saliency-focus","shot-planning","pexels_04_逆光站 - 姿势/引导摄影参考","pexels_04_逆光站；姿势/引导；摄影参考；人像摄影；拍摄姿势；moodboard","本地姿势示意图/参考图，适合生成拍摄姿势和引导词。","本地可用","中"
"asset-摄影姿势库-姿势示意图-站姿-pexels-05-侧颜站-jpg","pexels_05_侧颜站","local_image","姿势/引导","本地素材","","摄影姿势库/姿势示意图/站姿/pexels_05_侧颜站.jpg","","","本地参考图：摄影姿势库/姿势示意图/站姿/pexels_05_侧颜站.jpg","摄影姿势库/姿势示意图/站姿/pexels_05_侧颜站.jpg","pexels_05_侧颜站 姿势/引导；pexels_05_侧颜站 摄影参考；姿势/引导 人像拍摄； pose reference","通用人像场景","单人女生/普通客片","容易","常规沟通和审美匹配风险","姿势引导","199-399","中","适合作为检索补充或局部灵感。","public-domain","close-up","static","saliency-focus","shot-planning","pexels_05_侧颜站 - 姿势/引导摄影参考","pexels_05_侧颜站；姿势/引导；摄影参考；人像摄影；拍摄姿势；moodboard","本地姿势示意图/参考图，适合生成拍摄姿势和引导词。","本地可用","中"
"asset-摄影姿势库-姿势示意图-站姿-pexels-07-靠墙白墙-jpg","pexels_07_靠墙白墙","local_image","姿势/引导","本地素材","","摄影姿势库/姿势示意图/站姿/pexels_07_靠墙白墙.jpg","","","本地参考图：摄影姿势库/姿势示意图/站姿/pexels_07_靠墙白墙.jpg","摄影姿势库/姿势示意图/站姿/pexels_07_靠墙白墙.jpg","pexels_07_靠墙白墙 姿势/引导；pexels_07_靠墙白墙 摄影参考；姿势/引导 人像拍摄； pose reference","通用人像场景","单人女生/普通客片","容易","常规沟通和审美匹配风险","姿势引导","199-399","中","适合作为检索补充或局部灵感。","public-domain","long-shot","static","saliency-focus","shot-planning","pexels_07_靠墙白墙 - 姿势/引导摄影参考","pexels_07_靠墙白墙；姿势/引导；摄影参考；人像摄影；拍摄姿势；moodboard","本地姿势示意图/参考图，适合生成拍摄姿势和引导词。","本地可用","中"
"asset-摄影姿势库-姿势示意图-站姿-pexels-08-靠墙笑-jpg","pexels_08_靠墙笑","local_image","姿势/引导","本地素材","","摄影姿势库/姿势示意图/站姿/pexels_08_靠墙笑.jpg","","","本地参考图：摄影姿势库/姿势示意图/站姿/pexels_08_靠墙笑.jpg","摄影姿势库/姿势示意图/站姿/pexels_08_靠墙笑.jpg","pexels_08_靠墙笑 姿势/引导；pexels_08_靠墙笑 摄影参考；姿势/引导 人像拍摄； pose reference","通用人像场景","单人女生/普通客片","容易","常规沟通和审美匹配风险","姿势引导","199-399","中","适合作为检索补充或局部灵感。","public-domain","long-shot","static","saliency-focus","shot-planning","pexels_08_靠墙笑 - 姿势/引导摄影参考","pexels_08_靠墙笑；姿势/引导；摄影参考；人像摄影；拍摄姿势；moodboard","本地姿势示意图/参考图，适合生成拍摄姿势和引导词。","本地可用","中"
"asset-摄影姿势库-姿势示意图-站姿-pexels-11-马赛克墙-jpg","pexels_11_马赛克墙","local_image","姿势/引导","本地素材","","摄影姿势库/姿势示意图/站姿/pexels_11_马赛克墙.jpg","","","本地参考图：摄影姿势库/姿势示意图/站姿/pexels_11_马赛克墙.jpg","摄影姿势库/姿势示意图/站姿/pexels_11_马赛克墙.jpg","pexels_11_马赛克墙 姿势/引导；pexels_11_马赛克墙 摄影参考；姿势/引导 人像拍摄； pose reference","通用人像场景","单人女生/普通客片","容易","常规沟通和审美匹配风险","姿势引导","199-399","中","适合作为检索补充或局部灵感。","public-domain","long-shot","static","saliency-focus","shot-planning","pexels_11_马赛克墙 - 姿势/引导摄影参考","pexels_11_马赛克墙；姿势/引导；摄影参考；人像摄影；拍摄姿势；moodboard","本地姿势示意图/参考图，适合生成拍摄姿势和引导词。","本地可用","中"
"asset-摄影姿势库-汉服-园林汉服-示例图-pose-01-jpg","pose_01","local_image","国风/汉服","本地素材","","摄影姿势库/汉服/园林汉服/示例图/pose_01.jpg","","汉服","本地参考图：摄影姿势库/汉服/园林汉服/示例图/pose_01.jpg","摄影姿势库/汉服/园林汉服/示例图/pose_01.jpg","pose_01 国风/汉服 汉服；pose_01 摄影参考；国风/汉服 人像拍摄；汉服 pose reference","园林/古风室内","汉服模特","中等","妆造/服装/道具影响很大","姿势引导","399-699","高","可直接转化为拍摄选题、姿势引导或成片风格参考。","local-private-reference","medium-shot","static","saliency-focus","shot-planning","pose_01 - 国风/汉服摄影参考","pose_01；国风/汉服；汉服；摄影参考；人像摄影；拍摄姿势；moodboard","本地姿势示意图/参考图，适合生成拍摄姿势和引导词。","本地可用","中"
"asset-摄影姿势库-汉服-园林汉服-示例图-pose-02-jpg","pose_02","local_image","国风/汉服","本地素材","","摄影姿势库/汉服/园林汉服/示例图/pose_02.jpg","","汉服","本地参考图：摄影姿势库/汉服/园林汉服/示例图/pose_02.jpg","摄影姿势库/汉服/园林汉服/示例图/pose_02.jpg","pose_02 国风/汉服 汉服；pose_02 摄影参考；国风/汉服 人像拍摄；汉服 pose reference","园林/古风室内","汉服模特","中等","妆造/服装/道具影响很大","姿势引导","399-699","高","可直接转化为拍摄选题、姿势引导或成片风格参考。","local-private-reference","medium-shot","static","saliency-focus","shot-planning","pose_02 - 国风/汉服摄影参考","pose_02；国风/汉服；汉服；摄影参考；人像摄影；拍摄姿势；moodboard","本地姿势示意图/参考图，适合生成拍摄姿势和引导词。","本地可用","中"
"asset-摄影姿势库-汉服-园林汉服-示例图-pose-03-jpg","pose_03","local_image","国风/汉服","本地素材","","摄影姿势库/汉服/园林汉服/示例图/pose_03.jpg","","汉服","本地参考图：摄影姿势库/汉服/园林汉服/示例图/pose_03.jpg","摄影姿势库/汉服/园林汉服/示例图/pose_03.jpg","pose_03 国风/汉服 汉服；pose_03 摄影参考；国风/汉服 人像拍摄；汉服 pose reference","园林/古风室内","汉服模特","中等","妆造/服装/道具影响很大","姿势引导","399-699","高","可直接转化为拍摄选题、姿势引导或成片风格参考。","local-private-reference","medium-shot","static","saliency-focus","shot-planning","pose_03 - 国风/汉服摄影参考","pose_03；国风/汉服；汉服；摄影参考；人像摄影；拍摄姿势；moodboard","本地姿势示意图/参考图，适合生成拍摄姿势和引导词。","本地可用","中"
"asset-摄影姿势库-汉服-园林汉服-示例图-pose-04-jpg","pose_04","local_image","国风/汉服","本地素材","","摄影姿势库/汉服/园林汉服/示例图/pose_04.jpg","","汉服","本地参考图：摄影姿势库/汉服/园林汉服/示例图/pose_04.jpg","摄影姿势库/汉服/园林汉服/示例图/pose_04.jpg","pose_04 国风/汉服 汉服；pose_04 摄影参考；国风/汉服 人像拍摄；汉服 pose reference","园林/古风室内","汉服模特","中等","妆造/服装/道具影响很大","姿势引导","399-699","高","可直接转化为拍摄选题、姿势引导或成片风格参考。","local-private-reference","medium-shot","static","saliency-focus","shot-planning","pose_04 - 国风/汉服摄影参考","pose_04；国风/汉服；汉服；摄影参考；人像摄影；拍摄姿势；moodboard","本地姿势示意图/参考图，适合生成拍摄姿势和引导词。","本地可用","中"
"asset-摄影姿势库-汉服-室内汉服-示例图-pose-01-jpg","pose_01","local_image","国风/汉服","本地素材","","摄影姿势库/汉服/室内汉服/示例图/pose_01.jpg","","汉服","本地参考图：摄影姿势库/汉服/室内汉服/示例图/pose_01.jpg","摄影姿势库/汉服/室内汉服/示例图/pose_01.jpg","pose_01 国风/汉服 汉服；pose_01 摄影参考；国风/汉服 人像拍摄；汉服 pose reference","园林/古风室内","汉服模特","中等","妆造/服装/道具影响很大","姿势引导","399-699","高","可直接转化为拍摄选题、姿势引导或成片风格参考。","local-private-reference","medium-shot","static","saliency-focus","shot-planning","pose_01 - 国风/汉服摄影参考","pose_01；国风/汉服；汉服；摄影参考；人像摄影；拍摄姿势；moodboard","本地姿势示意图/参考图，适合生成拍摄姿势和引导词。","本地可用","中"
"asset-摄影姿势库-汉服-室内汉服-示例图-pose-02-jpg","pose_02","local_image","国风/汉服","本地素材","","摄影姿势库/汉服/室内汉服/示例图/pose_02.jpg","","汉服","本地参考图：摄影姿势库/汉服/室内汉服/示例图/pose_02.jpg","摄影姿势库/汉服/室内汉服/示例图/pose_02.jpg","pose_02 国风/汉服 汉服；pose_02 摄影参考；国风/汉服 人像拍摄；汉服 pose reference","园林/古风室内","汉服模特","中等","妆造/服装/道具影响很大","姿势引导","399-699","高","可直接转化为拍摄选题、姿势引导或成片风格参考。","local-private-reference","medium-shot","static","saliency-focus","shot-planning","pose_02 - 国风/汉服摄影参考","pose_02；国风/汉服；汉服；摄影参考；人像摄影；拍摄姿势；moodboard","本地姿势示意图/参考图，适合生成拍摄姿势和引导词。","本地可用","中"
"asset-摄影姿势库-汉服-室内汉服-示例图-pose-03-jpg","pose_03","local_image","国风/汉服","本地素材","","摄影姿势库/汉服/室内汉服/示例图/pose_03.jpg","","汉服","本地参考图：摄影姿势库/汉服/室内汉服/示例图/pose_03.jpg","摄影姿势库/汉服/室内汉服/示例图/pose_03.jpg","pose_03 国风/汉服 汉服；pose_03 摄影参考；国风/汉服 人像拍摄；汉服 pose reference","园林/古风室内","汉服模特","中等","妆造/服装/道具影响很大","姿势引导","399-699","高","可直接转化为拍摄选题、姿势引导或成片风格参考。","local-private-reference","medium-shot","static","saliency-focus","shot-planning","pose_03 - 国风/汉服摄影参考","pose_03；国风/汉服；汉服；摄影参考；人像摄影；拍摄姿势；moodboard","本地姿势示意图/参考图，适合生成拍摄姿势和引导词。","本地可用","中"